file_,GRVI_mean,GRVI_median,GRVI_sum,NGRDI_mean,NGRDI_median,NGRDI_sum,Red_mean,Red_median,Red_sum,Green_mean,Green_median,Green_sum,Blue_mean,Blue_median,Blue_sum,GLI_mean,GLI_median,GLI_sum,field,range,row,plantDensity,combineYield,yieldPerAcre,totalStandCount,daysToAnthesis,GDDToAnthesis,daysToSilk,GDDToSilk,percentMoisture,percentStarch,percentProtein,percentOil,percentFiber,percentAsh,percentLodging,flagLeafHeight,location,Timepoint,exp
MOValley-TP3-Hybrids_23_10,0.06695078920469527,0.04724162719112307,9.64091364547612,-0.06695078920469527,-0.04724162719112307,-9.64091364547612,103.49305555555556,106.5,14903,115.125,116.5,16578,95.99305555555556,97.0,13823,0.0795980027826542,0.0699155680639905,11.462112400702216,MOValley-TP3-Hybrids,10,23,28500.0,13.69,128.9,57.0,,,,,5.0,65.51,11.22,4.02,1.57,1.26,0.0,185.0,MOValley,TP3,Hybrids
MOValley-TP3-Hybrids_23_11,0.11996172099888902,0.10463342710910754,17.27448782384002,-0.11996172099888902,-0.10463342710910754,-17.27448782384002,77.1875,78.0,11115,96.22222222222224,97.5,13856,81.53472222222223,82.0,11741,0.1015847075990812,0.0927318295739348,14.628197894267698,MOValley-TP3-Hybrids,11,23,25500.0,16.09,150.82,51.0,,,,,5.61,70.05,9.34,3.86,0.8,1.18,0.0,209.0,MOValley,TP3,Hybrids
MOValley-TP3-Hybrids_23_12,0.16693807565159086,0.11906449326718639,24.039082893829082,-0.16693807565159086,-0.11906449326718639,-24.039082893829082,66.64788732394366,71.0,9464,87.04929577464789,89.0,12361,73.95774647887323,77.0,10502,0.1185376600741005,0.1002865329512893,16.83234773052228,MOValley-TP3-Hybrids,12,23,30000.0,20.83,195.47,60.0,,,,,5.35,69.21,8.28,4.02,0.97,1.18,0.0,201.0,MOValley,TP3,Hybrids
MOValley-TP3-Hybrids_23_13,0.14001619082635092,0.11906449326718639,20.16233147899453,-0.14001619082635092,-0.11906449326718639,-20.16233147899453,71.09027777777777,73.0,10237,90.97916666666669,93.0,13101,77.13888888888889,78.0,11108,0.1114024312164579,0.0980484414265091,16.04195009516995,MOValley-TP3-Hybrids,13,23,29000.0,17.79,166.76,58.0,,,,,5.41,68.16,9.08,3.86,1.4,1.12,3.45,216.0,MOValley,TP3,Hybrids
MOValley-TP3-Hybrids_23_14,0.11325642199090294,0.09411764705882353,16.308924766690023,-0.11325642199090294,-0.09411764705882353,-16.308924766690023,79.54545454545455,78.0,11375,96.04895104895104,95.0,13735,82.43356643356644,82.0,11788,0.0921992978184227,0.0843373493975903,13.184499588034456,MOValley-TP3-Hybrids,14,23,24000.0,13.93,130.72,48.0,,,,,5.39,70.73,10.27,3.95,1.64,1.33,8.33,213.0,MOValley,TP3,Hybrids
MOValley-TP3-Hybrids_23_15,0.17047124230198452,0.1388888888888889,24.54785889148577,-0.17047124230198452,-0.1388888888888889,-24.54785889148577,59.44444444444444,61.5,8560,79.85416666666667,82.0,11499,70.9375,73.0,10215,0.1108359561152043,0.0954052177552049,15.96037768058943,MOValley-TP3-Hybrids,15,23,,,,,,,,,5.24,68.68,8.52,4.18,0.91,1.18,,185.0,MOValley,TP3,Hybrids
MOValley-TP3-Hybrids_23_16,0.12507458630536827,0.10119470914521406,18.01074042797303,-0.12507458630536827,-0.10119470914521406,-18.01074042797303,78.51748251748252,80.0,11228,96.85314685314684,98.0,13850,84.05594405594405,86.0,12020,0.0947919719016485,0.0868347338935574,13.555251981935742,MOValley-TP3-Hybrids,16,23,22500.0,15.61,146.49,45.0,,,,,5.15,67.28,8.66,3.74,1.39,1.26,17.78,197.0,MOValley,TP3,Hybrids
MOValley-TP3-Hybrids_23_17,0.1589541914696443,0.12758985200845666,22.88940357162878,-0.1589541914696443,-0.12758985200845666,-22.88940357162878,70.64084507042253,72.0,10031,92.17605633802818,93.0,13089,78.78873239436619,81.0,11188,0.1123088917074305,0.1014600013456233,15.947862622455132,MOValley-TP3-Hybrids,17,23,30500.0,19.63,182.77,61.0,,,,,4.78,71.57,8.44,4.36,0.41,0.98,3.28,193.0,MOValley,TP3,Hybrids
MOValley-TP3-Hybrids_23_18,0.14193823999834163,0.10863354037267081,20.439106559761193,-0.14193823999834163,-0.10863354037267081,-20.439106559761193,76.16901408450704,78.0,10816,96.3169014084507,98.0,13677,80.51408450704226,81.0,11433,0.1108810346851063,0.0978953642991425,15.745106925285109,MOValley-TP3-Hybrids,18,23,29500.0,21.34,200.71,59.0,,,,,5.51,68.72,8.09,4.38,0.5,1.16,5.08,186.0,MOValley,TP3,Hybrids
MOValley-TP3-Hybrids_23_19,0.15906699403292118,0.13403880070546736,22.90564714074065,-0.15906699403292118,-0.13403880070546736,-22.90564714074065,72.15972222222223,75.5,10391,95.58333333333331,97.0,13764,81.43055555555556,83.0,11726,0.1189152159887558,0.105297157622739,17.123791102380846,MOValley-TP3-Hybrids,19,23,32000.0,19.85,188.37,64.0,,,,,5.24,68.6,8.5,3.66,1.09,0.97,0.0,194.0,MOValley,TP3,Hybrids
MOValley-TP3-Hybrids_23_2,0.11880166637424718,0.106203007518797,17.107439957891593,-0.11880166637424718,-0.106203007518797,-17.107439957891593,79.07638888888889,80.0,11387,97.90277777777776,98.0,14098,84.10416666666667,85.0,12111,0.0977735186647026,0.0909090909090909,14.079386687717175,MOValley-TP3-Hybrids,2,23,27000.0,16.71,156.64,54.0,,,,,5.01,68.78,8.48,3.97,0.72,1.11,3.7,182.0,MOValley,TP3,Hybrids
MOValley-TP3-Hybrids_23_20,0.15649625604062772,0.11838049873914261,22.535460869850393,-0.15649625604062772,-0.11838049873914261,-22.535460869850393,70.27972027972028,73.0,10050,90.42657342657344,92.0,12931,77.84615384615384,80.0,11132,0.1123063715518155,0.0963855421686747,16.05981113190962,MOValley-TP3-Hybrids,20,23,30500.0,17.92,166.09,61.0,,,,,5.56,71.87,7.83,3.99,1.85,1.25,11.48,201.0,MOValley,TP3,Hybrids
MOValley-TP3-Hybrids_23_21,0.1807647303729397,0.15464599678608565,26.030121173703314,-0.1807647303729397,-0.15464599678608565,-26.030121173703314,58.92307692307692,60.0,8426,80.6923076923077,81.0,11539,69.46853146853147,70.0,9934,0.1226684146799906,0.1137254901960784,17.541583299238656,MOValley-TP3-Hybrids,21,23,,,,,,,,,,,,,,,,,MOValley,TP3,Hybrids
MOValley-TP3-Hybrids_23_22,0.12467113634266844,0.09804599145513948,17.952643633344255,-0.12467113634266844,-0.09804599145513948,-17.952643633344255,77.45138888888889,82.0,11153,95.97222222222224,100.0,13820,83.84027777777777,87.0,12073,0.0957867361230077,0.0818741450068399,13.793290001713109,MOValley-TP3-Hybrids,22,23,27000.0,17.14,161.93,54.0,,,,,5.17,67.53,8.35,4.4,0.98,1.19,3.7,196.0,MOValley,TP3,Hybrids
MOValley-TP3-Hybrids_23_23,0.12610058238009966,0.09653209109730848,18.15848386273435,-0.12610058238009966,-0.09653209109730848,-18.15848386273435,76.04861111111111,78.0,10951,93.43055555555556,93.0,13454,77.97916666666667,80.5,11229,0.1101521108370741,0.0925779162135761,15.86190396053868,MOValley-TP3-Hybrids,23,23,30500.0,12.04,112.61,61.0,,,,,5.72,72.42,7.25,3.72,1.58,1.3,4.92,217.0,MOValley,TP3,Hybrids
MOValley-TP3-Hybrids_23_24,0.134199783202325,0.12113320205805755,19.3247687811348,-0.134199783202325,-0.12113320205805755,-19.3247687811348,80.76388888888889,81.0,11630,103.09722222222224,102.5,14846,84.36111111111111,85.0,12148,0.1183044657746548,0.1084375358494895,17.035843071550303,MOValley-TP3-Hybrids,24,23,31500.0,16.78,159.23,63.0,,,,,5.27,67.94,7.83,4.13,1.08,1.1,0.0,177.0,MOValley,TP3,Hybrids
MOValley-TP3-Hybrids_23_25,0.12931426710218982,0.10511776679267229,18.621254462715335,-0.12931426710218982,-0.10511776679267229,-18.621254462715335,85.41958041958041,86.0,12215,106.37062937062936,106.0,15211,86.94405594405595,87.0,12433,0.1138679019785467,0.1008174386920981,16.28310998293218,MOValley-TP3-Hybrids,25,23,28000.0,15.81,148.86,56.0,,,,,5.3,66.72,10.44,4.26,1.32,1.13,3.57,180.0,MOValley,TP3,Hybrids
MOValley-TP3-Hybrids_23_26,0.17080622085740393,0.1342606501231749,24.596095803466167,-0.17080622085740393,-0.1342606501231749,-24.596095803466167,72.41258741258741,76.0,10355,95.84615384615384,98.0,13706,78.72027972027972,81.0,11257,0.1326916533829399,0.1142061281337047,18.97490643376041,MOValley-TP3-Hybrids,26,23,28000.0,17.04,160.8,56.0,,,,,5.72,66.8,9.23,3.93,1.6,1.22,0.0,212.0,MOValley,TP3,Hybrids
MOValley-TP3-Hybrids_23_27,0.1486783203432777,0.12154020246505795,21.40967812943199,-0.1486783203432777,-0.12154020246505795,-21.40967812943199,76.44055944055944,77.0,10931,98.4965034965035,98.0,14085,81.51748251748252,82.0,11657,0.1190280785405783,0.1066282420749279,17.0210152313027,MOValley-TP3-Hybrids,27,23,27500.0,18.4,173.64,55.0,,,,,5.02,68.59,8.58,4.0,0.86,1.07,3.64,198.0,MOValley,TP3,Hybrids
MOValley-TP3-Hybrids_23_28,0.14267719699793124,0.10848472336911644,20.5455163677021,-0.14267719699793124,-0.10848472336911644,-20.5455163677021,76.76760563380282,80.0,10901,96.56338028169014,99.0,13712,81.78169014084507,85.0,11613,0.1077135682847572,0.0928961748633879,15.295326696435524,MOValley-TP3-Hybrids,28,23,23500.0,16.66,155.82,47.0,,,,,4.6,69.37,8.63,3.78,0.53,1.05,6.38,195.0,MOValley,TP3,Hybrids
MOValley-TP3-Hybrids_23_29,0.16641723155056687,0.13414634146341464,23.96408134328163,-0.16641723155056687,-0.13414634146341464,-23.96408134328163,69.05633802816901,71.5,9806,91.61971830985917,93.0,13010,78.09859154929578,80.0,11090,0.116995891569702,0.104514133583901,16.613416602897694,MOValley-TP3-Hybrids,29,23,28000.0,20.9,195.03,56.0,,,,,5.29,69.21,7.08,3.9,0.97,0.94,0.0,220.0,MOValley,TP3,Hybrids
MOValley-TP3-Hybrids_23_3,0.10921153474304465,0.09042809042809043,15.72646100299843,-0.10921153474304465,-0.09042809042809043,-15.72646100299843,83.13888888888889,86.5,11972,100.40277777777776,102.0,14458,85.88194444444444,87.0,12367,0.0946351170699771,0.0821556117330765,13.627456858076702,MOValley-TP3-Hybrids,3,23,24000.0,13.8,130.08,48.0,,,,,5.17,68.95,9.38,4.53,0.93,0.96,0.0,213.0,MOValley,TP3,Hybrids
MOValley-TP3-Hybrids_23_30,0.1209910049333543,0.09691071980228608,17.422704710403018,-0.1209910049333543,-0.09691071980228608,-17.422704710403018,80.63194444444444,82.0,11611,98.97916666666669,100.5,14253,84.15972222222223,86.0,12119,0.1021173817834687,0.088570712863716,14.704902976819495,MOValley-TP3-Hybrids,30,23,29500.0,18.18,171.18,59.0,,,,,4.9,68.49,8.09,3.78,1.13,1.13,3.39,194.0,MOValley,TP3,Hybrids
MOValley-TP3-Hybrids_23_31,0.17096781497560842,0.12429775280898876,24.619365356487613,-0.17096781497560842,-0.12429775280898876,-24.619365356487613,70.6830985915493,73.0,10037,91.80281690140843,95.0,13036,77.66901408450704,80.0,11029,0.1217194404597872,0.1032392894461859,17.284160545289794,MOValley-TP3-Hybrids,31,23,29500.0,19.32,181.91,59.0,,,,,4.81,67.35,8.93,4.25,1.26,1.09,0.0,224.0,MOValley,TP3,Hybrids
MOValley-TP3-Hybrids_23_32,0.130986693148275,0.09090909090909091,18.8620838133516,-0.130986693148275,-0.09090909090909091,-18.8620838133516,73.84507042253522,79.0,10486,90.19014084507042,92.0,12807,77.17605633802818,81.0,10959,0.0997033557179886,0.0856146505460544,14.157876511954392,MOValley-TP3-Hybrids,32,23,25000.0,18.02,169.1,50.0,,,,,5.26,72.73,7.85,4.35,0.24,0.83,10.0,205.0,MOValley,TP3,Hybrids
MOValley-TP3-Hybrids_23_33,0.13360018471322022,0.0951050811386007,19.23842659870371,-0.13360018471322022,-0.0951050811386007,-19.23842659870371,78.41258741258741,82.0,11213,96.76223776223776,100.0,13837,83.05594405594405,85.0,11877,0.1024813995583847,0.084010840108401,14.65484013684902,MOValley-TP3-Hybrids,33,23,29000.0,18.55,174.08,58.0,,,,,5.21,71.04,8.1,4.19,1.21,1.18,1.72,235.0,MOValley,TP3,Hybrids
MOValley-TP3-Hybrids_23_34,0.15745855437941814,0.14287314164123527,22.67403183063621,-0.15745855437941814,-0.14287314164123527,-22.67403183063621,74.88888888888889,76.5,10784,100.33333333333331,102.5,14448,83.60416666666667,85.0,12039,0.12359957072731,0.1167762209536989,17.798338184732653,MOValley-TP3-Hybrids,34,23,32000.0,18.88,177.17,64.0,,,,,4.92,71.82,7.94,3.89,1.9,1.34,3.12,182.0,MOValley,TP3,Hybrids
MOValley-TP3-Hybrids_23_35,0.14701114122268905,0.13414634146341464,21.169604336067223,-0.14701114122268905,-0.13414634146341464,-21.169604336067223,75.1875,77.0,10827,98.875,98.0,14238,81.98611111111111,81.5,11806,0.1204708733210738,0.1117322361281356,17.347805758234628,MOValley-TP3-Hybrids,35,23,25500.0,20.64,194.13,51.0,,,,,4.15,69.47,7.24,4.04,0.98,1.12,3.92,190.0,MOValley,TP3,Hybrids
MOValley-TP3-Hybrids_23_36,0.13344296712924733,0.1069172932330827,19.215787266611617,-0.13344296712924733,-0.1069172932330827,-19.215787266611617,78.59859154929578,81.0,11161,98.02112676056338,100.0,13919,82.3169014084507,83.0,11689,0.1053131619732082,0.0952290918258019,14.954469000195564,MOValley-TP3-Hybrids,36,23,27500.0,15.79,149.17,55.0,,,,,4.9,67.89,8.17,4.28,0.73,1.07,7.27,177.0,MOValley,TP3,Hybrids
MOValley-TP3-Hybrids_23_37,0.11495355387183265,0.10511776679267229,16.553311757543902,-0.11495355387183265,-0.10511776679267229,-16.553311757543902,81.91666666666667,82.0,11796,100.79166666666669,101.0,14514,83.58333333333333,83.0,12036,0.1056496176847645,0.0999937638148823,15.213544946606088,MOValley-TP3-Hybrids,37,23,25000.0,14.24,135.58,50.0,,,,,5.21,70.11,9.47,4.43,0.64,0.92,4.0,201.0,MOValley,TP3,Hybrids
MOValley-TP3-Hybrids_23_38,0.1398142971878787,0.13195017891549682,20.13325879505453,-0.1398142971878787,-0.13195017891549682,-20.13325879505453,75.83333333333333,76.0,10920,97.82638888888889,98.0,14087,82.25,82.0,11844,0.1135604913651262,0.107871720116618,16.352710756578183,MOValley-TP3-Hybrids,38,23,26000.0,19.24,181.57,52.0,,,,,5.29,69.47,8.06,3.14,0.86,0.93,1.92,209.0,MOValley,TP3,Hybrids
MOValley-TP3-Hybrids_23_39,0.14886014457829716,0.11751684947799657,21.43586081927479,-0.14886014457829716,-0.11751684947799657,-21.43586081927479,74.25174825174825,77.0,10618,95.6153846153846,97.0,13673,79.21678321678321,81.0,11328,0.1193660421087072,0.1042944785276073,17.069344021545138,MOValley-TP3-Hybrids,39,23,25000.0,17.66,166.65,50.0,,,,,5.72,71.88,8.22,4.05,1.26,1.27,4.0,172.0,MOValley,TP3,Hybrids
MOValley-TP3-Hybrids_23_4,0.08101558819228147,0.07202713487629689,11.666244699688532,-0.08101558819228147,-0.07202713487629689,-11.666244699688532,83.61111111111111,85.0,12040,96.85416666666669,98.0,13947,84.91666666666667,86.0,12228,0.0736162762055133,0.069194619996759,10.600743773593925,MOValley-TP3-Hybrids,4,23,23000.0,11.96,112.49,46.0,,,,,5.05,71.21,10.08,4.79,0.35,0.87,4.35,181.0,MOValley,TP3,Hybrids
MOValley-TP3-Hybrids_23_40,0.15116144400198003,0.12048192771084337,21.767247936285123,-0.15116144400198003,-0.12048192771084337,-21.767247936285123,74.80555555555556,77.5,10772,97.04166666666669,99.0,13974,81.44444444444444,82.5,11728,0.1191792389109262,0.1019385026737968,17.161810403173373,MOValley-TP3-Hybrids,40,23,26500.0,21.33,201.74,53.0,,,,,5.17,67.2,8.5,3.83,1.45,1.2,0.0,205.0,MOValley,TP3,Hybrids
MOValley-TP3-Hybrids_23_41,0.12953470427123023,0.11219512195121951,18.652997415057154,-0.12953470427123023,-0.11219512195121951,-18.652997415057154,83.20833333333333,85.0,11982,105.4375,107.0,15183,84.06944444444444,86.0,12106,0.1223168585781716,0.1134579801339986,17.613627635256716,MOValley-TP3-Hybrids,41,23,33000.0,17.85,168.07,66.0,,,,,5.37,66.57,10.65,4.14,1.13,1.27,1.52,173.0,MOValley,TP3,Hybrids
MOValley-TP3-Hybrids_23_42,0.13870161964743455,0.11422802112457285,19.973033229230577,-0.13870161964743455,-0.11422802112457285,-19.973033229230577,76.10416666666667,80.0,10959,97.39583333333331,101.0,14025,81.07638888888889,85.0,11675,0.1156068380674501,0.0998652291105121,16.647384681712825,MOValley-TP3-Hybrids,42,23,31000.0,17.46,165.5,62.0,,,,,5.09,69.1,8.1,4.19,0.43,1.02,1.61,210.0,MOValley,TP3,Hybrids
MOValley-TP3-Hybrids_23_43,0.15610164216125938,0.13636363636363635,22.47863647122135,-0.15610164216125938,-0.13636363636363635,-22.47863647122135,72.41258741258741,73.0,10355,95.6083916083916,98.0,13672,78.81118881118881,81.0,11270,0.1233086627458938,0.1153846153846153,17.63313877266282,MOValley-TP3-Hybrids,43,23,29500.0,22.66,214.08,59.0,,,,,5.26,71.16,7.32,3.57,1.11,1.22,1.69,183.0,MOValley,TP3,Hybrids
MOValley-TP3-Hybrids_23_44,0.1489599030459285,0.11351351351351352,21.301266135567772,-0.1489599030459285,-0.11351351351351352,-21.301266135567772,75.74825174825175,81.0,10832,97.12587412587412,101.0,13889,81.39160839160839,86.0,11639,0.1197100481433871,0.1008174386920981,17.11853688450436,MOValley-TP3-Hybrids,44,23,27000.0,16.67,157.49,54.0,,,,,5.47,68.05,9.21,3.93,1.21,1.0,1.85,193.0,MOValley,TP3,Hybrids
MOValley-TP3-Hybrids_23_45,0.13900317539466556,0.12793235133660663,20.01645725683184,-0.13900317539466556,-0.12793235133660663,-20.01645725683184,73.03472222222223,75.0,10517,95.17361111111111,95.0,13705,78.57638888888889,80.0,11315,0.1173373841075057,0.1130434782608695,16.896583311480832,MOValley-TP3-Hybrids,45,23,27000.0,18.62,176.11,54.0,,,,,5.4,72.19,7.23,3.74,1.39,1.19,0.0,206.0,MOValley,TP3,Hybrids
MOValley-TP3-Hybrids_23_5,0.10367830329032103,0.08949827567026365,14.929675673806228,-0.10367830329032103,-0.08949827567026365,-14.929675673806228,84.22222222222223,86.5,12128,101.54166666666669,105.0,14622,85.73611111111111,87.5,12346,0.0950518909875607,0.08816120906801,13.687472302208745,MOValley-TP3-Hybrids,5,23,27500.0,14.71,138.66,55.0,,,,,5.12,68.59,9.93,3.93,1.19,1.16,1.82,197.0,MOValley,TP3,Hybrids
MOValley-TP3-Hybrids_23_6,0.09757733926812179,0.0730360130038191,14.051136854609538,-0.09757733926812179,-0.0730360130038191,-14.051136854609538,82.64335664335664,85.0,11818,96.63636363636364,98.0,13819,84.07692307692308,86.0,12023,0.0812726416486821,0.0708661417322834,11.62198775576154,MOValley-TP3-Hybrids,6,23,17500.0,13.58,127.44,35.0,,,,,5.17,72.23,9.39,3.95,0.41,0.91,8.57,201.0,MOValley,TP3,Hybrids
MOValley-TP3-Hybrids_23_7,0.1475163104208203,0.1076923076923077,21.242348700598125,-0.1475163104208203,-0.1076923076923077,-21.242348700598125,80.2605633802817,85.5,11397,101.25352112676056,106.0,14378,85.07042253521126,88.0,12080,0.1123069666901961,0.0947400522598576,15.947589270007857,MOValley-TP3-Hybrids,7,23,30000.0,16.6,155.25,60.0,,,,,6.03,69.57,10.74,4.08,2.35,1.62,0.0,205.0,MOValley,TP3,Hybrids
MOValley-TP3-Hybrids_23_8,0.05833568319442198,0.0445555473862216,8.400338379996764,-0.05833568319442198,-0.0445555473862216,-8.400338379996764,97.11805555555556,98.0,13985,107.43055555555556,109.0,15470,90.84722222222224,92.0,13082,0.0721611631951462,0.0640862127470367,10.391207500101064,MOValley-TP3-Hybrids,8,23,30000.0,9.89,92.91,60.0,,,,,5.28,69.96,9.31,4.46,1.29,1.37,60.0,168.0,MOValley,TP3,Hybrids
MOValley-TP3-Hybrids_23_9,0.05132335619022849,0.039643250039289646,7.390563291392903,-0.05132335619022849,-0.039643250039289646,-7.390563291392903,105.65972222222224,110.5,15215,115.23611111111111,117.0,16594,95.22222222222224,99.0,13712,0.0746183154656368,0.0662192119484711,10.745037427051708,MOValley-TP3-Hybrids,9,23,30500.0,14.01,131.47,61.0,,,,,5.11,67.6,9.62,4.34,0.91,1.18,9.84,189.0,MOValley,TP3,Hybrids
MOValley-TP3-Hybrids_25_10,0.12844361073303603,0.1142894461859979,18.49587994555719,-0.12844361073303603,-0.1142894461859979,-18.49587994555719,79.97222222222223,80.0,11516,100.39583333333331,100.0,14457,83.08333333333333,82.5,11964,0.1130916216074445,0.1029329764692762,16.285193511472016,MOValley-TP3-Hybrids,10,25,20500.0,14.9,140.61,41.0,,,,,5.22,70.68,10.1,4.19,1.0,0.93,0.0,192.0,MOValley,TP3,Hybrids
MOValley-TP3-Hybrids_25_11,0.13419533389299718,0.11392405063291139,19.324128080591592,-0.13419533389299718,-0.11392405063291139,-19.324128080591592,76.32167832167832,76.0,10914,95.8881118881119,96.0,13712,81.96503496503496,82.0,11721,0.1036830506427632,0.0964467005076142,14.82667624191515,MOValley-TP3-Hybrids,11,25,27500.0,18.83,176.51,55.0,,,,,5.22,69.13,9.49,3.82,1.36,1.18,5.45,204.0,MOValley,TP3,Hybrids
MOValley-TP3-Hybrids_25_12,0.159483176115047,0.1292175614682953,22.96557736056677,-0.159483176115047,-0.1292175614682953,-22.96557736056677,74.11971830985915,75.5,10525,96.3169014084507,98.0,13677,80.66901408450704,81.5,11455,0.1187693173407868,0.108143763816587,16.865243062391738,MOValley-TP3-Hybrids,12,25,25500.0,17.23,162.05,51.0,,,,,5.78,67.45,9.09,4.37,0.96,1.07,3.92,208.0,MOValley,TP3,Hybrids
MOValley-TP3-Hybrids_25_13,0.1631394587332791,0.13772391991570074,23.49208205759219,-0.1631394587332791,-0.13772391991570074,-23.49208205759219,60.04166666666666,62.0,8646,80.38888888888889,82.0,11576,71.0,73.0,10224,0.1103380509438052,0.0983870967741935,15.888679335907955,MOValley-TP3-Hybrids,13,25,,,,,,,,,5.03,68.86,8.5,3.93,0.85,1.19,,204.0,MOValley,TP3,Hybrids
MOValley-TP3-Hybrids_25_14,0.15001588481281933,0.1335958005249344,21.602287413045982,-0.15001588481281933,-0.1335958005249344,-21.602287413045982,60.451388888888886,62.0,8705,79.04861111111111,81.0,11383,69.88194444444444,71.0,10063,0.103806706838813,0.09727547108247,14.94816578478908,MOValley-TP3-Hybrids,14,25,,,,,,,,,5.51,68.75,8.56,4.41,0.74,1.2,,184.0,MOValley,TP3,Hybrids
MOValley-TP3-Hybrids_25_15,0.1267410778949833,0.1098583497427428,18.250715216877595,-0.1267410778949833,-0.1098583497427428,-18.250715216877595,73.625,75.0,10602,91.79861111111111,93.0,13219,77.86111111111111,79.0,11212,0.1056260219279282,0.0971428571428571,15.210147157621664,MOValley-TP3-Hybrids,15,25,28500.0,17.09,159.66,57.0,,,,,5.24,72.67,7.91,4.52,0.2,0.92,5.26,216.0,MOValley,TP3,Hybrids
MOValley-TP3-Hybrids_25_16,0.16250175380229415,0.12255458790862048,23.400252547530357,-0.16250175380229415,-0.12255458790862048,-23.400252547530357,68.23611111111111,72.0,9826,89.61111111111111,91.5,12904,77.90277777777777,81.0,11218,0.1146035587028776,0.094356120826709,16.502912453214385,MOValley-TP3-Hybrids,16,25,28500.0,19.25,180.65,57.0,,,,,5.29,70.5,9.64,4.49,0.95,1.1,0.0,230.0,MOValley,TP3,Hybrids
MOValley-TP3-Hybrids_25_17,0.06513171404930598,0.0597843745384729,9.378966823100061,-0.06513171404930598,-0.0597843745384729,-9.378966823100061,90.52777777777776,91.0,13036,101.67361111111111,102.0,14641,87.79166666666667,87.0,12642,0.0704276517664354,0.065961956824901,10.141581854366711,MOValley-TP3-Hybrids,17,25,25000.0,15.75,148.13,50.0,,,,,5.49,69.24,10.57,4.08,1.73,1.48,0.0,170.0,MOValley,TP3,Hybrids
MOValley-TP3-Hybrids_25_18,0.14710866851166657,0.12743506493506493,21.183648265679984,-0.14710866851166657,-0.12743506493506493,-21.183648265679984,71.56944444444444,72.5,10306,92.76388888888889,93.0,13358,78.65972222222223,78.0,11327,0.1143799946911575,0.1034482758620689,16.470719235526687,MOValley-TP3-Hybrids,18,25,26000.0,21.86,206.52,52.0,,,,,4.61,68.42,9.56,3.31,1.12,1.15,1.92,203.0,MOValley,TP3,Hybrids
MOValley-TP3-Hybrids_25_19,0.1384576280069094,0.11475409836065574,19.937898432994952,-0.1384576280069094,-0.11475409836065574,-19.937898432994952,76.65734265734265,78.0,10962,97.3076923076923,98.0,13915,82.94405594405595,85.0,11861,0.1065286789966601,0.0972568578553615,15.2336010965224,MOValley-TP3-Hybrids,19,25,19500.0,15.95,150.18,39.0,,,,,4.94,66.64,10.89,3.87,1.43,1.13,0.0,187.0,MOValley,TP3,Hybrids
MOValley-TP3-Hybrids_25_2,0.1639116467097436,0.14114038253338146,23.60327712620308,-0.1639116467097436,-0.14114038253338146,-23.60327712620308,73.8581560283688,73.0,10414,96.63829787234044,97.0,13626,79.09219858156028,80.0,11152,0.1244973642980201,0.1178451178451178,17.55412836602084,MOValley-TP3-Hybrids,2,25,27000.0,15.35,144.05,54.0,,,,,4.92,71.18,7.85,3.22,0.66,0.89,5.56,213.0,MOValley,TP3,Hybrids
MOValley-TP3-Hybrids_25_20,0.13599121317753074,0.1111111111111111,19.582734697564426,-0.13599121317753074,-0.1111111111111111,-19.582734697564426,76.51388888888889,78.0,11018,97.31944444444444,100.0,14014,81.36805555555556,82.0,11717,0.1132616717838277,0.1007778853537208,16.309680736871197,MOValley-TP3-Hybrids,20,25,31500.0,19.13,179.72,63.0,,,,,5.27,68.33,9.0,4.09,0.85,1.09,0.0,171.0,MOValley,TP3,Hybrids
MOValley-TP3-Hybrids_25_21,0.15902535119667904,0.13966480446927373,22.899650572321782,-0.15902535119667904,-0.13966480446927373,-22.899650572321782,73.59722222222223,76.0,10598,98.61111111111111,100.0,14200,81.61111111111111,82.0,11752,0.1268027677190574,0.1147540983606557,18.25959855154427,MOValley-TP3-Hybrids,21,25,24500.0,20.03,188.39,49.0,,,,,4.91,68.55,7.82,4.07,1.02,1.12,0.0,196.0,MOValley,TP3,Hybrids
MOValley-TP3-Hybrids_25_22,0.15450241339144896,0.11726508785332315,22.24834752836865,-0.15450241339144896,-0.11726508785332315,-22.24834752836865,67.21678321678321,70.0,9612,86.65734265734265,88.0,12392,75.72027972027972,78.0,10828,0.1065902005739863,0.0885245901639344,15.242398682080047,MOValley-TP3-Hybrids,22,25,27000.0,18.64,172.77,54.0,,,,,5.93,72.95,6.73,4.17,1.36,1.21,3.7,206.0,MOValley,TP3,Hybrids
MOValley-TP3-Hybrids_25_23,0.14814313055975847,0.11351351351351352,21.33261080060522,-0.14814313055975847,-0.11351351351351352,-21.33261080060522,77.76223776223776,81.0,11120,99.73426573426572,102.0,14262,83.81118881118881,86.0,11985,0.1145490352061877,0.099236641221374,16.38051203448485,MOValley-TP3-Hybrids,23,25,30000.0,18.72,175.48,60.0,,,,,5.86,68.93,7.47,4.25,0.96,1.06,0.0,211.0,MOValley,TP3,Hybrids
MOValley-TP3-Hybrids_25_24,0.15138763541656727,0.10605269569454596,21.799819499985688,-0.15138763541656727,-0.10605269569454596,-21.799819499985688,75.33566433566433,80.0,10773,96.51748251748252,100.0,13802,80.86713286713287,85.0,11564,0.1181324489782488,0.0918918918918919,16.89294020388958,MOValley-TP3-Hybrids,24,25,23000.0,18.02,169.29,46.0,,,,,5.58,68.09,8.32,3.99,1.25,1.21,6.52,160.0,MOValley,TP3,Hybrids
MOValley-TP3-Hybrids_25_25,0.12292405638055476,0.08021390374331551,17.701064118799884,-0.12292405638055476,-0.08021390374331551,-17.701064118799884,83.35211267605634,87.0,11836,99.40140845070422,102.0,14115,84.23239436619718,86.5,11961,0.0990128225114884,0.0805109922756981,14.05982079663136,MOValley-TP3-Hybrids,25,25,29500.0,17.71,166.01,59.0,,,,,5.87,72.36,8.44,3.93,1.42,1.18,0.0,190.0,MOValley,TP3,Hybrids
MOValley-TP3-Hybrids_25_26,0.14204118302885202,0.1111111111111111,20.45393035615469,-0.14204118302885202,-0.1111111111111111,-20.45393035615469,75.79166666666667,80.0,10914,96.59722222222224,100.0,13910,81.79861111111111,84.0,11779,0.1128548953613266,0.0972893772893772,16.251104932031037,MOValley-TP3-Hybrids,26,25,31000.0,17.12,160.66,62.0,,,,,5.72,67.36,9.05,3.97,1.3,1.07,0.0,203.0,MOValley,TP3,Hybrids
MOValley-TP3-Hybrids_25_27,0.17526219376896482,0.143796992481203,25.237755902730935,-0.17526219376896482,-0.143796992481203,-25.237755902730935,71.83216783216783,75.0,10272,96.7062937062937,100.0,13829,79.9020979020979,82.0,11426,0.1323083794090784,0.1211072664359861,18.920098255498218,MOValley-TP3-Hybrids,27,25,34000.0,16.91,158.87,68.0,,,,,4.94,69.31,8.25,3.33,0.84,1.02,0.0,240.0,MOValley,TP3,Hybrids
MOValley-TP3-Hybrids_25_28,0.17606708238770435,0.13725490196078433,25.353659863829428,-0.17606708238770435,-0.13725490196078433,-25.353659863829428,71.11347517730496,70.0,10027,93.34042553191487,92.0,13161,78.98581560283688,78.0,11137,0.121398726973984,0.1071428571428571,17.117220503331744,MOValley-TP3-Hybrids,28,25,34500.0,18.2,171.18,69.0,,,,,4.94,68.06,8.65,4.18,1.26,1.12,4.35,175.0,MOValley,TP3,Hybrids
MOValley-TP3-Hybrids_25_29,0.15450229388353443,0.12790697674418605,22.24833031922896,-0.15450229388353443,-0.12790697674418605,-22.24833031922896,74.59027777777777,76.5,10741,98.49305555555556,101.0,14183,81.16666666666667,82.0,11688,0.1257200076905984,0.1111111111111111,18.10368110744617,MOValley-TP3-Hybrids,29,25,27500.0,17.33,163.72,55.0,,,,,4.87,67.33,8.34,4.23,1.39,1.17,5.45,198.0,MOValley,TP3,Hybrids
MOValley-TP3-Hybrids_25_3,0.15098782652609383,0.10990338164251207,21.74224701975751,-0.15098782652609383,-0.10990338164251207,-21.74224701975751,75.27272727272727,77.0,10764,95.26573426573428,95.0,13623,80.72027972027972,82.0,11543,0.1151344435793605,0.0921985815602836,16.464225431848558,MOValley-TP3-Hybrids,3,25,34500.0,16.9,157.7,69.0,,,,,5.33,71.53,8.98,3.89,1.45,1.11,2.9,211.0,MOValley,TP3,Hybrids
MOValley-TP3-Hybrids_25_30,0.1289042698756664,0.10224955494416572,18.56221486209596,-0.1289042698756664,-0.10224955494416572,-18.56221486209596,81.85416666666667,87.0,11787,102.875,106.0,14814,84.22916666666667,87.0,12129,0.1157972763499362,0.0979456221629463,16.67480779439082,MOValley-TP3-Hybrids,30,25,29500.0,16.66,156.69,59.0,,,,,5.08,67.2,10.15,4.47,0.91,1.13,1.69,178.0,MOValley,TP3,Hybrids
MOValley-TP3-Hybrids_25_31,0.15620466936535304,0.10270270270270271,22.181063049880134,-0.15620466936535304,-0.10270270270270271,-22.181063049880134,78.5251798561151,80.0,10915,97.67625899280576,97.0,13577,81.42446043165468,82.0,11318,0.117524609173504,0.094017094017094,16.335920675117062,MOValley-TP3-Hybrids,31,25,32000.0,13.24,123.55,64.0,,,,,5.25,70.45,10.39,4.39,0.58,0.94,12.5,225.0,MOValley,TP3,Hybrids
MOValley-TP3-Hybrids_25_32,0.16914462067576008,0.11813953488372092,24.356825377309452,-0.16914462067576008,-0.11813953488372092,-24.356825377309452,74.13475177304964,77.0,10453,95.22695035460993,97.0,13427,80.85106382978724,83.0,11400,0.1180093631797484,0.1005917159763313,16.639320208344532,MOValley-TP3-Hybrids,32,25,31500.0,16.94,156.12,63.0,,,,,5.09,68.5,8.42,4.14,1.18,1.05,3.17,229.0,MOValley,TP3,Hybrids
MOValley-TP3-Hybrids_25_33,0.125386416959271,0.10984126984126984,18.05564404213502,-0.125386416959271,-0.10984126984126984,-18.05564404213502,78.89583333333333,76.0,11361,97.77083333333331,96.5,14079,83.07638888888889,81.0,11963,0.1047097242541753,0.0945448570489648,15.078200292601244,MOValley-TP3-Hybrids,33,25,32500.0,14.69,137.85,65.0,,,,,4.88,69.57,9.23,4.81,0.72,0.89,0.0,211.0,MOValley,TP3,Hybrids
MOValley-TP3-Hybrids_25_34,0.11274883494132408,0.10706293324600186,16.235832231550667,-0.11274883494132408,-0.10706293324600186,-16.235832231550667,82.97916666666667,85.0,11949,103.07638888888889,105.0,14843,87.42361111111111,90.0,12589,0.0976959283257323,0.0946291560102301,14.06821367890546,MOValley-TP3-Hybrids,34,25,31500.0,19.16,180.0,63.0,,,,,4.77,68.21,8.14,4.35,1.06,1.29,0.0,195.0,MOValley,TP3,Hybrids
MOValley-TP3-Hybrids_25_35,0.11363707291386896,0.09693564234831736,16.36373849959713,-0.11363707291386896,-0.09693564234831736,-16.36373849959713,81.09027777777777,83.0,11677,99.14583333333331,101.0,14277,83.35416666666667,85.0,12003,0.100912500152878,0.0918918918918919,14.53140002201444,MOValley-TP3-Hybrids,35,25,31500.0,13.07,122.51,63.0,,,,,4.79,67.68,8.35,3.91,1.33,1.25,26.98,196.0,MOValley,TP3,Hybrids
MOValley-TP3-Hybrids_25_36,0.12239562751363686,0.10247436605881992,17.624970361963708,-0.12239562751363686,-0.10247436605881992,-17.624970361963708,82.8125,85.0,11925,102.76388888888889,105.0,14798,86.70138888888889,88.0,12485,0.1043225160735653,0.0928360027855153,15.022442314593413,MOValley-TP3-Hybrids,36,25,29000.0,17.24,162.15,58.0,,,,,4.57,66.82,8.43,4.69,1.29,1.31,3.45,211.0,MOValley,TP3,Hybrids
MOValley-TP3-Hybrids_25_37,0.1895945803476858,0.1326331216414265,27.301619570066755,-0.1895945803476858,-0.1326331216414265,-27.301619570066755,71.88732394366197,77.0,10208,95.6830985915493,97.5,13587,78.44366197183099,80.0,11139,0.1396419997317935,0.1143939393939394,19.82916396191468,MOValley-TP3-Hybrids,37,25,29000.0,18.53,174.28,58.0,,,,,5.6,68.99,8.63,3.75,1.02,0.99,0.0,202.0,MOValley,TP3,Hybrids
MOValley-TP3-Hybrids_25_38,0.08308779226330051,0.06594202898550725,11.964642085915274,-0.08308779226330051,-0.06594202898550725,-11.964642085915274,89.75,91.5,12924,103.63194444444444,106.0,14923,86.61805555555556,87.0,12473,0.0879304803968953,0.0754138898512917,12.661989177152934,MOValley-TP3-Hybrids,38,25,25000.0,15.07,143.8,50.0,,,,,5.14,68.65,9.23,4.1,0.56,1.06,4.0,171.0,MOValley,TP3,Hybrids
MOValley-TP3-Hybrids_25_39,0.09296476688246912,0.07653260445138618,13.386926431075553,-0.09296476688246912,-0.07653260445138618,-13.386926431075553,85.88194444444444,88.0,12367,100.27777777777776,103.0,14440,83.81944444444444,87.0,12070,0.0933794736977487,0.0827067669172932,13.446644212475825,MOValley-TP3-Hybrids,39,25,31500.0,16.12,151.44,63.0,,,,,5.1,70.51,9.13,3.92,1.79,1.37,3.17,190.0,MOValley,TP3,Hybrids
MOValley-TP3-Hybrids_25_4,0.10089081810819953,0.061855670103092786,14.528277807580732,-0.10089081810819953,-0.061855670103092786,-14.528277807580732,86.38888888888889,91.0,12440,100.27083333333331,104.0,14439,83.04861111111111,86.5,11959,0.1010849419195951,0.0777285541683447,14.556231636421698,MOValley-TP3-Hybrids,4,25,26500.0,13.55,127.16,53.0,,,,,4.52,67.03,11.01,3.98,1.29,1.06,7.55,237.0,MOValley,TP3,Hybrids
MOValley-TP3-Hybrids_25_40,0.16489661468697922,0.12790697674418605,23.580215900238027,-0.16489661468697922,-0.12790697674418605,-23.580215900238027,77.34285714285714,78.0,10828,100.05714285714286,101.0,14008,82.53571428571429,82.5,11555,0.1230340398906089,0.1090347647075879,17.22476558468525,MOValley-TP3-Hybrids,40,25,31500.0,16.27,154.05,63.0,,,,,5.48,68.65,8.43,4.4,0.58,0.99,6.35,206.0,MOValley,TP3,Hybrids
MOValley-TP3-Hybrids_25_41,0.11937980358876447,0.09621536995439385,17.190691716782084,-0.11937980358876447,-0.09621536995439385,-17.190691716782084,75.29166666666667,78.0,10842,92.3125,95.0,13293,78.89583333333333,82.0,11361,0.0996065188631012,0.0868347338935574,14.343338716286578,MOValley-TP3-Hybrids,41,25,28500.0,16.79,157.56,57.0,,,,,5.43,69.7,8.49,3.84,1.55,1.31,3.51,200.0,MOValley,TP3,Hybrids
MOValley-TP3-Hybrids_25_42,0.1329747402313946,0.10344827586206896,19.148362593320822,-0.1329747402313946,-0.10344827586206896,-19.148362593320822,76.88194444444444,80.5,11071,96.5625,98.0,13905,80.27777777777777,82.0,11560,0.1135675530360355,0.0956838989467887,16.35372763718912,MOValley-TP3-Hybrids,42,25,28500.0,16.99,159.97,57.0,,,,,5.2,70.51,8.41,4.2,1.4,1.36,0.0,182.0,MOValley,TP3,Hybrids
MOValley-TP3-Hybrids_25_43,0.10270770352002931,0.08808290155440414,14.789909306884221,-0.10270770352002931,-0.08808290155440414,-14.789909306884221,84.85314685314685,86.0,12134,100.8881118881119,102.0,14427,86.7132867132867,87.0,12400,0.0870785014672923,0.084010840108401,12.452225709822802,MOValley-TP3-Hybrids,43,25,25500.0,14.54,137.36,51.0,,,,,4.91,65.54,9.68,4.1,1.45,1.24,1.96,207.0,MOValley,TP3,Hybrids
MOValley-TP3-Hybrids_25_44,0.13404332606438438,0.1098583497427428,19.30223895327135,-0.13404332606438438,-0.1098583497427428,-19.30223895327135,75.29166666666667,77.0,10842,93.875,96.0,13518,81.52777777777777,83.0,11740,0.1016079843165221,0.0881626074498567,14.631549741579189,MOValley-TP3-Hybrids,44,25,26500.0,18.34,173.07,53.0,,,,,5.6,70.01,9.37,4.08,0.94,0.92,7.55,195.0,MOValley,TP3,Hybrids
MOValley-TP3-Hybrids_25_45,0.1366315267979664,0.10237175951461666,19.67493985890716,-0.1366315267979664,-0.10237175951461666,-19.67493985890716,80.85915492957747,85.0,11482,99.93661971830986,103.0,14191,82.88732394366197,86.0,11770,0.1108153746960124,0.0974067046173308,15.735783206833762,MOValley-TP3-Hybrids,45,25,26500.0,15.26,143.69,53.0,,,,,5.1,66.88,9.77,4.43,1.18,1.23,9.43,210.0,MOValley,TP3,Hybrids
MOValley-TP3-Hybrids_25_5,0.09440513761004178,0.08227596158630641,13.594339815846016,-0.09440513761004178,-0.08227596158630641,-13.594339815846016,90.90277777777776,92.0,13090,108.10416666666669,109.0,15567,87.22222222222223,88.0,12560,0.1017922541980036,0.0946291560102301,14.658084604512522,MOValley-TP3-Hybrids,5,25,27500.0,14.51,135.55,55.0,,,,,4.96,66.11,11.36,3.98,1.17,1.23,0.0,163.0,MOValley,TP3,Hybrids
MOValley-TP3-Hybrids_25_6,0.13077697483863912,0.10931899641577061,18.831884376764034,-0.13077697483863912,-0.10931899641577061,-18.831884376764034,81.32638888888889,83.0,11711,102.83333333333331,103.0,14808,85.44444444444444,87.0,12304,0.1129167981374221,0.1018888945156226,16.26001893178878,MOValley-TP3-Hybrids,6,25,31500.0,16.37,154.31,63.0,,,,,4.98,69.22,11.09,4.35,1.06,0.9,1.59,220.0,MOValley,TP3,Hybrids
MOValley-TP3-Hybrids_25_7,0.13361290221054192,0.11860613810741688,19.240257918318036,-0.13361290221054192,-0.11860613810741688,-19.240257918318036,74.45138888888889,76.0,10721,93.96527777777776,96.0,13531,80.0,81.0,11520,0.1078059534178576,0.099828178694158,15.524057292171502,MOValley-TP3-Hybrids,7,25,28000.0,17.86,169.11,56.0,,,,,5.32,68.55,8.77,3.81,1.14,1.18,0.0,200.0,MOValley,TP3,Hybrids
MOValley-TP3-Hybrids_25_8,0.16825323750325985,0.10733486943164362,24.22846620046942,-0.16825323750325985,-0.10733486943164362,-24.22846620046942,74.79710144927536,76.5,10322,93.47826086956522,95.0,12900,80.5,82.0,11109,0.104057630514639,0.0884540582270588,14.35995301102018,MOValley-TP3-Hybrids,8,25,33000.0,17.11,159.3,66.0,,,,,5.71,71.81,8.78,3.93,1.83,1.4,10.61,225.0,MOValley,TP3,Hybrids
MOValley-TP3-Hybrids_25_9,0.10473008470211707,0.08611420096403412,15.081132197104859,-0.10473008470211707,-0.08611420096403412,-15.081132197104859,88.39583333333333,90.0,12729,105.64583333333331,106.0,15213,86.48611111111111,87.0,12454,0.1049357016138699,0.094231468085544,15.110741032397277,MOValley-TP3-Hybrids,9,25,27000.0,13.87,130.89,54.0,,,,,5.64,66.09,11.27,4.04,1.71,1.15,5.56,204.0,MOValley,TP3,Hybrids
MOValley-TP3-Hybrids_27_10,0.12574615152776447,0.09359605911330049,18.107445819998084,-0.12574615152776447,-0.09359605911330049,-18.107445819998084,87.44055944055944,88.0,12504,106.3006993006993,106.0,15201,86.88111888111888,88.0,12424,0.1131988609890302,0.0941176470588235,16.18743712143133,MOValley-TP3-Hybrids,10,27,31500.0,9.59,89.59,63.0,,,,,5.58,69.77,11.79,4.53,0.81,1.06,0.0,214.0,MOValley,TP3,Hybrids
MOValley-TP3-Hybrids_27_11,0.0753679852808868,0.05699481865284974,10.8529898804477,-0.0753679852808868,-0.05699481865284974,-10.8529898804477,90.27083333333331,93.0,12999,101.99305555555556,105.0,14687,86.55555555555556,90.0,12464,0.0805680989410338,0.0676972490240367,11.601806247508875,MOValley-TP3-Hybrids,11,27,31000.0,11.09,104.07,62.0,,,,,5.56,64.9,9.08,4.75,1.95,1.57,48.39,191.0,MOValley,TP3,Hybrids
MOValley-TP3-Hybrids_27_12,0.14481357813430262,0.09763099219620959,20.853155251339576,-0.14481357813430262,-0.09763099219620959,-20.853155251339576,80.44680851063829,87.0,11343,99.3900709219858,105.0,14014,85.41843971631205,90.0,12044,0.1016639717316451,0.084010840108401,14.33462001416197,MOValley-TP3-Hybrids,12,27,26000.0,14.45,136.21,52.0,,,,,5.19,67.37,9.59,4.43,1.06,1.17,9.62,170.0,MOValley,TP3,Hybrids
MOValley-TP3-Hybrids_27_13,0.14099744844500828,0.12763556871870813,20.303632576081192,-0.14099744844500828,-0.12763556871870813,-20.303632576081192,72.20138888888889,71.0,10397,93.11805555555556,92.0,13409,79.07638888888889,78.0,11387,0.1113319324629229,0.1048313729278876,16.031798274660908,MOValley-TP3-Hybrids,13,27,22500.0,14.82,138.92,45.0,,,,,5.66,71.83,9.25,3.53,1.55,1.11,0.0,200.0,MOValley,TP3,Hybrids
MOValley-TP3-Hybrids_27_14,0.16040794576117381,0.1390728476821192,23.09874418960903,-0.16040794576117381,-0.1390728476821192,-23.09874418960903,62.25,62.0,8964,82.77777777777777,83.0,11920,70.31944444444444,71.0,10126,0.120084998065303,0.1076872720471336,17.292239721403632,MOValley-TP3-Hybrids,14,27,,,,,,,,,5.25,69.41,7.89,3.72,0.89,1.07,,186.0,MOValley,TP3,Hybrids
MOValley-TP3-Hybrids_27_15,0.09732087165939142,0.07968253968253969,14.014205518952364,-0.09732087165939142,-0.07968253968253969,-14.014205518952364,86.29166666666667,87.5,12426,102.68055555555556,105.0,14786,85.77083333333333,87.0,12351,0.0952662438945739,0.084841748703292,13.718339120818644,MOValley-TP3-Hybrids,15,27,25000.0,12.73,120.8,50.0,,,,,5.9,70.27,10.42,4.22,0.94,1.03,2.0,182.0,MOValley,TP3,Hybrids
MOValley-TP3-Hybrids_27_16,0.1635740445661517,0.14473684210526316,23.554662417525847,-0.1635740445661517,-0.14473684210526316,-23.554662417525847,61.85416666666666,63.0,8907,83.5,85.5,12024,70.8125,72.5,10197,0.1220900388280964,0.1107606028741675,17.580965591245896,MOValley-TP3-Hybrids,16,27,,,,,,,,,5.28,69.19,7.57,3.89,0.96,1.11,,195.0,MOValley,TP3,Hybrids
MOValley-TP3-Hybrids_27_17,0.11469174429733497,0.09505941213258287,16.515611178816236,-0.11469174429733497,-0.09505941213258287,-16.515611178816236,84.15277777777777,86.5,12118,102.625,105.0,14778,85.72222222222223,87.0,12344,0.1036514361975003,0.0913729128014842,14.925806812440044,MOValley-TP3-Hybrids,17,27,21500.0,13.02,121.22,43.0,,,,,5.26,67.33,9.59,3.99,1.43,1.2,4.65,195.0,MOValley,TP3,Hybrids
MOValley-TP3-Hybrids_27_18,0.11129669266237505,0.09406988445123009,16.026723743382007,-0.11129669266237505,-0.09406988445123009,-16.026723743382007,76.52083333333333,80.0,11019,93.46527777777776,95.5,13459,80.20138888888889,82.0,11549,0.0944275521857299,0.0832051282051282,13.597567514745116,MOValley-TP3-Hybrids,18,27,26500.0,16.57,156.54,53.0,,,,,5.4,72.31,8.4,4.05,1.78,1.36,3.77,184.0,MOValley,TP3,Hybrids
MOValley-TP3-Hybrids_27_19,0.12690053384369013,0.10399590163934427,18.27367687349138,-0.12690053384369013,-0.10399590163934427,-18.27367687349138,79.08333333333333,82.5,11388,99.17361111111111,101.0,14281,83.23611111111111,85.0,11986,0.1076976744957543,0.0958262164411159,15.50846512738863,MOValley-TP3-Hybrids,19,27,31500.0,17.08,159.92,63.0,,,,,4.78,69.42,8.13,4.17,1.32,1.35,3.17,177.0,MOValley,TP3,Hybrids
MOValley-TP3-Hybrids_27_2,0.12959233671256706,0.109377967067249,18.661296486609658,-0.12959233671256706,-0.109377967067249,-18.661296486609658,79.16083916083916,81.0,11320,99.3916083916084,101.0,14213,84.63636363636364,86.0,12103,0.1022008167808027,0.0954773869346733,14.61471679965479,MOValley-TP3-Hybrids,2,27,27500.0,11.43,107.62,55.0,,,,,4.8,69.12,8.24,3.69,0.92,1.13,1.82,205.0,MOValley,TP3,Hybrids
MOValley-TP3-Hybrids_27_20,0.130991719817862,0.08523002421307506,18.86280765377213,-0.130991719817862,-0.08523002421307506,-18.86280765377213,81.89208633093526,82.0,11383,96.7769784172662,96.0,13452,80.9568345323741,82.0,11253,0.0974095708047314,0.087719298245614,13.539930341857673,MOValley-TP3-Hybrids,20,27,31000.0,14.45,134.23,62.0,,,,,5.33,70.89,9.78,3.96,0.98,0.89,3.23,244.0,MOValley,TP3,Hybrids
MOValley-TP3-Hybrids_27_21,0.16746468864736158,0.13704409363091996,24.11491516522007,-0.16746468864736158,-0.13704409363091996,-24.11491516522007,70.86805555555556,75.0,10205,95.38194444444444,98.0,13735,78.375,81.0,11286,0.1333098388045603,0.1169631169631169,19.19661678785669,MOValley-TP3-Hybrids,21,27,32500.0,18.33,171.24,65.0,,,,,4.92,70.26,8.93,4.5,1.83,1.38,4.62,200.0,MOValley,TP3,Hybrids
MOValley-TP3-Hybrids_27_22,0.17848924512445202,0.14284130386576982,25.70245129792109,-0.17848924512445202,-0.14284130386576982,-25.70245129792109,71.02836879432624,70.0,10015,94.09219858156028,93.0,13267,78.32624113475177,77.0,11044,0.127558549863967,0.1117824773413897,17.98575553081935,MOValley-TP3-Hybrids,22,27,32000.0,16.05,150.28,64.0,,,,,5.78,66.62,9.4,4.21,1.43,1.05,0.0,211.0,MOValley,TP3,Hybrids
MOValley-TP3-Hybrids_27_23,0.1596464743886684,0.12325917887502261,22.989092311968253,-0.1596464743886684,-0.12325917887502261,-22.989092311968253,73.46853146853147,77.0,10506,96.44755244755244,100.0,13792,81.1048951048951,85.0,11598,0.1203767223132776,0.1063829787234042,17.213871290798696,MOValley-TP3-Hybrids,23,27,30000.0,17.79,166.2,60.0,,,,,5.63,69.98,7.52,4.53,0.97,1.26,1.67,192.0,MOValley,TP3,Hybrids
MOValley-TP3-Hybrids_27_24,0.1632908604952095,0.12903762903762903,23.513883911310167,-0.1632908604952095,-0.12903762903762903,-23.513883911310167,69.6830985915493,72.0,9895,91.61971830985917,93.0,13010,77.16901408450704,79.0,10958,0.1186559477225085,0.1063829787234042,16.849144576596213,MOValley-TP3-Hybrids,24,27,28000.0,17.25,161.33,56.0,,,,,5.72,68.97,8.35,3.95,0.95,1.05,0.0,168.0,MOValley,TP3,Hybrids
MOValley-TP3-Hybrids_27_25,0.1347827723621833,0.11357493857493858,19.408719220154396,-0.1347827723621833,-0.11357493857493858,-19.408719220154396,81.01398601398601,82.0,11585,101.7972027972028,103.0,14557,85.66433566433567,87.0,12250,0.108249940569572,0.0980392156862745,15.4797415014488,MOValley-TP3-Hybrids,25,27,25000.0,15.28,144.2,50.0,,,,,5.68,69.08,7.81,4.13,0.72,1.05,8.0,195.0,MOValley,TP3,Hybrids
MOValley-TP3-Hybrids_27_26,0.16400877437455857,0.14365079365079364,23.617263509936436,-0.16400877437455857,-0.14365079365079364,-23.617263509936436,73.60416666666667,75.0,10599,98.13888888888889,100.0,14132,80.90972222222223,82.0,11651,0.1304015969274262,0.1190531254129774,18.77782995754938,MOValley-TP3-Hybrids,26,27,32500.0,15.09,141.61,65.0,,,,,5.32,69.8,6.74,3.85,0.78,1.03,0.0,223.0,MOValley,TP3,Hybrids
MOValley-TP3-Hybrids_27_27,0.14020464829055268,0.11357493857493858,20.189469353839588,-0.14020464829055268,-0.11357493857493858,-20.189469353839588,77.34965034965035,80.0,11061,98.27972027972028,101.0,14054,81.65734265734265,83.0,11677,0.1142349853425807,0.1017964071856287,16.335602903989052,MOValley-TP3-Hybrids,27,27,31500.0,16.4,154.59,63.0,,,,,5.38,68.44,8.0,3.48,1.22,0.99,0.0,187.0,MOValley,TP3,Hybrids
MOValley-TP3-Hybrids_27_29,0.15692330960468587,0.12685475444096134,22.596956583074764,-0.15692330960468587,-0.12685475444096134,-22.596956583074764,75.30555555555556,79.0,10844,98.83333333333331,101.0,14232,81.25,82.0,11700,0.128437657508357,0.110464673798148,18.49502268120341,MOValley-TP3-Hybrids,29,27,34000.0,17.27,162.79,68.0,,,,,5.23,68.46,8.37,3.78,1.6,1.03,0.0,205.0,MOValley,TP3,Hybrids
MOValley-TP3-Hybrids_27_3,0.1252519575832543,0.0982424057705984,18.03628189198862,-0.1252519575832543,-0.0982424057705984,-18.03628189198862,82.125,83.0,11826,101.52777777777776,103.0,14620,83.4375,85.0,12015,0.1135844539110748,0.0951050811386007,16.35616136319478,MOValley-TP3-Hybrids,3,27,27500.0,11.61,109.44,55.0,,,,,5.24,68.94,9.25,3.89,1.11,1.17,3.64,223.0,MOValley,TP3,Hybrids
MOValley-TP3-Hybrids_27_30,0.14937302816299414,0.1283459162663006,21.509716055471156,-0.14937302816299414,-0.1283459162663006,-21.509716055471156,79.43356643356644,81.0,11359,103.4125874125874,106.0,14788,83.27972027972028,85.0,11909,0.1269413805438047,0.1183879093198992,18.15261741776408,MOValley-TP3-Hybrids,30,27,29500.0,16.01,150.58,59.0,,,,,5.43,69.06,8.08,4.3,0.32,1.13,3.39,184.0,MOValley,TP3,Hybrids
MOValley-TP3-Hybrids_27_32,0.16783704872233576,0.14365079365079364,24.16853501601635,-0.16783704872233576,-0.14365079365079364,-24.16853501601635,75.4965034965035,77.0,10796,101.63636363636364,103.0,14534,82.94405594405595,85.0,11861,0.1322426933378609,0.1229946524064171,18.910705147314108,MOValley-TP3-Hybrids,32,27,30000.0,15.47,145.99,60.0,,,,,4.68,71.2,9.38,4.41,0.48,1.01,0.0,228.0,MOValley,TP3,Hybrids
MOValley-TP3-Hybrids_27_33,0.08928788248594861,0.06799248196688001,12.857455077976601,-0.08928788248594861,-0.06799248196688001,-12.857455077976601,88.27083333333333,90.0,12711,102.39583333333331,103.0,14745,85.52083333333333,86.0,12315,0.0916306548312723,0.0783290924512298,13.194814295703216,MOValley-TP3-Hybrids,33,27,34000.0,10.02,94.56,68.0,,,,,4.85,69.36,10.16,4.16,1.15,0.94,16.18,210.0,MOValley,TP3,Hybrids
MOValley-TP3-Hybrids_27_34,0.13143560361556822,0.1111111111111111,18.926726920641823,-0.13143560361556822,-0.1111111111111111,-18.926726920641823,78.93055555555556,81.0,11366,100.45833333333331,101.0,14466,84.56944444444444,86.0,12178,0.108874015469456,0.0976138477715764,15.677858227601671,MOValley-TP3-Hybrids,34,27,32500.0,16.69,153.81,65.0,,,,,4.68,68.76,7.8,3.65,0.87,1.04,0.0,202.0,MOValley,TP3,Hybrids
MOValley-TP3-Hybrids_27_35,0.08442366182970669,0.07653260445138618,12.157007303477764,-0.08442366182970669,-0.07653260445138618,-12.157007303477764,92.03472222222224,93.0,13253,107.31944444444444,108.0,15454,94.15972222222224,94.0,13559,0.0753133707514637,0.0712530712530712,10.84512538821078,MOValley-TP3-Hybrids,35,27,30500.0,11.95,112.77,61.0,,,,,5.31,69.47,9.77,4.33,1.37,1.33,32.79,188.0,MOValley,TP3,Hybrids
MOValley-TP3-Hybrids_27_37,0.11149996414596111,0.08439382037182508,16.0559948370184,-0.11149996414596111,-0.08439382037182508,-16.0559948370184,88.41258741258741,92.0,12643,106.47552447552448,109.0,15226,89.4895104895105,92.0,12797,0.097560288456215,0.0842105263157894,13.951121249238748,MOValley-TP3-Hybrids,37,27,25500.0,15.83,149.89,51.0,,,,,5.24,66.59,9.28,4.05,1.64,1.23,1.96,201.0,MOValley,TP3,Hybrids
MOValley-TP3-Hybrids_27_38,0.15512807953845884,0.1273088945723217,22.338443453538073,-0.15512807953845884,-0.1273088945723217,-22.338443453538073,69.33333333333333,72.0,9984,90.81944444444444,92.0,13078,75.53472222222223,77.5,10877,0.1239954977652786,0.1086102179349767,17.855351678200126,MOValley-TP3-Hybrids,38,27,35000.0,15.59,144.82,70.0,,,,,5.61,72.35,6.75,3.96,1.62,1.24,2.86,221.0,MOValley,TP3,Hybrids
MOValley-TP3-Hybrids_27_39,0.13258738120261077,0.0955810354085726,19.09258289317595,-0.13258738120261077,-0.0955810354085726,-19.09258289317595,78.58041958041959,85.0,11237,97.56643356643356,101.0,13952,81.86013986013987,86.0,11706,0.108404628129714,0.0888252148997134,15.501861822549108,MOValley-TP3-Hybrids,39,27,32500.0,15.51,144.08,65.0,,,,,5.27,71.85,7.45,4.36,1.62,1.39,30.77,212.0,MOValley,TP3,Hybrids
MOValley-TP3-Hybrids_27_4,0.12522123544319338,0.10474117077890663,18.031857903819848,-0.12522123544319338,-0.10474117077890663,-18.031857903819848,71.86013986013987,72.0,10276,89.3076923076923,91.0,12771,75.83916083916084,76.0,10845,0.1010250763331449,0.0921501706484641,14.44658591563973,MOValley-TP3-Hybrids,4,27,,,,,,,,,,,,,,,,,MOValley,TP3,Hybrids
MOValley-TP3-Hybrids_27_40,0.1695021363671205,0.13373983739837397,24.408307636865352,-0.1695021363671205,-0.13373983739837397,-24.408307636865352,72.51388888888889,75.5,10442,97.41666666666669,99.0,14028,79.15972222222223,81.0,11399,0.1372487121379478,0.1189041095890411,19.76381454786449,MOValley-TP3-Hybrids,40,27,32500.0,19.09,179.75,65.0,,,,,5.58,70.16,6.96,3.88,0.77,0.94,1.54,185.0,MOValley,TP3,Hybrids
MOValley-TP3-Hybrids_27_42,0.16082135719842722,0.11851063829787234,23.15827543657352,-0.16082135719842722,-0.11851063829787234,-23.15827543657352,76.65972222222223,78.5,11039,99.64583333333331,100.5,14349,81.25,81.0,11700,0.1335277888552081,0.1098901098901098,19.228001595149976,MOValley-TP3-Hybrids,42,27,36500.0,15.12,142.69,73.0,,,,,,,,,,,0.0,231.0,MOValley,TP3,Hybrids
MOValley-TP3-Hybrids_27_43,0.13081201173248205,0.1099476439790576,18.836929689477415,-0.13081201173248205,-0.1099476439790576,-18.836929689477415,76.50694444444444,78.0,11017,96.61805555555556,98.0,13913,82.40277777777777,83.0,11866,0.105454642680407,0.0955743182080021,15.185468545978612,MOValley-TP3-Hybrids,43,27,27000.0,14.51,137.69,54.0,,,,,5.44,68.46,11.56,5.03,1.11,1.11,0.0,204.0,MOValley,TP3,Hybrids
MOValley-TP3-Hybrids_27_44,0.1503507108784897,0.12534153005464482,21.650502366502515,-0.1503507108784897,-0.12534153005464482,-21.650502366502515,78.39583333333333,80.5,11289,101.17361111111111,103.0,14569,80.78472222222223,82.0,11633,0.133607241499519,0.1164051175395474,19.239442775930737,MOValley-TP3-Hybrids,44,27,31000.0,13.66,128.62,62.0,,,,,5.35,69.72,9.37,3.64,1.74,0.79,4.84,222.0,MOValley,TP3,Hybrids
MOValley-TP3-Hybrids_27_45,0.13957546473511445,0.1116531165311653,20.09886692185648,-0.13957546473511445,-0.1116531165311653,-20.09886692185648,78.36805555555556,82.0,11285,99.79861111111111,102.5,14371,82.59027777777777,86.0,11893,0.1180177386129753,0.1030615432677288,16.994554360268452,MOValley-TP3-Hybrids,45,27,25000.0,15.46,145.73,50.0,,,,,5.24,67.18,9.01,4.15,1.48,1.24,6.0,192.0,MOValley,TP3,Hybrids
MOValley-TP3-Hybrids_27_5,0.14792027378831224,0.12280701754385964,21.300519425516963,-0.14792027378831224,-0.12280701754385964,-21.300519425516963,74.67132867132867,77.0,10678,96.23076923076924,97.0,13761,80.02097902097903,81.0,11443,0.1173812153184229,0.1066282420749279,16.785513790534484,MOValley-TP3-Hybrids,5,27,28500.0,14.24,133.78,57.0,,,,,5.02,72.09,8.23,4.32,0.2,0.88,0.0,195.0,MOValley,TP3,Hybrids
MOValley-TP3-Hybrids_27_6,0.11876707744537811,0.10919900908340215,17.102459152134447,-0.11876707744537811,-0.10919900908340215,-17.102459152134447,80.94444444444444,80.5,11656,100.57638888888889,101.0,14483,85.4375,85.0,12303,0.1005765097542734,0.0958175459049839,14.48301740461538,MOValley-TP3-Hybrids,6,27,24500.0,12.23,114.77,49.0,,,,,4.24,67.31,9.25,3.81,1.21,1.11,0.0,185.0,MOValley,TP3,Hybrids
MOValley-TP3-Hybrids_27_7,0.099101153746618,0.08848589522164652,14.270566139512992,-0.099101153746618,-0.08848589522164652,-14.270566139512992,83.22916666666667,85.5,11985,100.09027777777776,102.0,14413,84.75,87.0,12204,0.0919384112361909,0.0845481049562682,13.239131218011492,MOValley-TP3-Hybrids,7,27,25000.0,12.9,121.06,50.0,,,,,5.37,71.58,10.04,3.92,1.43,1.41,2.0,200.0,MOValley,TP3,Hybrids
MOValley-TP3-Hybrids_27_8,0.12330405973164218,0.10174504584442473,17.755784601356474,-0.12330405973164218,-0.10174504584442473,-17.755784601356474,81.53472222222223,86.0,11741,102.16666666666669,105.0,14712,83.61111111111111,86.5,12040,0.1127823854347988,0.1009638721309201,16.240663502611035,MOValley-TP3-Hybrids,8,27,25000.0,12.32,116.26,50.0,,,,,5.68,66.34,11.08,4.51,1.13,1.24,8.0,178.0,MOValley,TP3,Hybrids
MOValley-TP3-Hybrids_27_9,0.13804704571818174,0.12169312169312169,19.87877458341817,-0.13804704571818174,-0.12169312169312169,-19.87877458341817,80.05594405594405,80.0,11448,101.67132867132868,101.0,14539,84.1958041958042,83.0,12040,0.1140619791066572,0.1073446327683615,16.310863012251986,MOValley-TP3-Hybrids,9,27,31000.0,11.43,107.62,62.0,,,,,5.05,69.21,10.62,4.25,0.41,0.99,3.23,231.0,MOValley,TP3,Hybrids
MOValley-TP3-Hybrids_29_10,0.09942606044470019,0.07981220657276995,14.317352704036827,-0.09942606044470019,-0.07981220657276995,-14.317352704036827,87.30555555555556,90.0,12572,104.13194444444444,105.5,14995,85.22916666666667,87.0,12273,0.1015923695597356,0.0881478320361451,14.62930121660194,MOValley-TP3-Hybrids,10,29,29000.0,12.96,121.76,58.0,,,,,5.21,67.03,9.62,4.01,1.35,1.16,3.45,209.0,MOValley,TP3,Hybrids
MOValley-TP3-Hybrids_29_11,0.13047197682276143,0.10224955494416572,18.787964662477645,-0.13047197682276143,-0.10224955494416572,-18.787964662477645,80.89583333333333,84.0,11649,99.86111111111111,103.0,14380,84.40277777777777,86.5,12154,0.1079272698888762,0.0939254370889759,15.54152686399818,MOValley-TP3-Hybrids,11,29,31000.0,14.42,135.17,62.0,,,,,5.14,69.28,8.53,4.28,1.42,1.38,3.23,206.0,MOValley,TP3,Hybrids
MOValley-TP3-Hybrids_29_12,0.15735785082403944,0.1116780045351474,22.65953051866168,-0.15735785082403944,-0.1116780045351474,-22.65953051866168,77.4965034965035,81.0,11082,98.2937062937063,100.0,14056,80.73426573426573,82.0,11545,0.1264063078249457,0.1017964071856287,18.07610201896724,MOValley-TP3-Hybrids,12,29,33000.0,14.44,136.27,66.0,,,,,5.37,69.03,11.03,4.26,1.43,0.91,4.55,219.0,MOValley,TP3,Hybrids
MOValley-TP3-Hybrids_29_13,0.12685815209865392,0.09715554684693511,18.267573902206163,-0.12685815209865392,-0.09715554684693511,-18.267573902206163,77.16083916083916,80.0,11034,94.7902097902098,97.0,13555,80.86013986013987,83.0,11563,0.1008141280878347,0.0898876404494382,14.416420316560377,MOValley-TP3-Hybrids,13,29,24500.0,17.45,163.57,49.0,,,,,5.01,66.62,9.77,3.91,1.52,1.22,2.04,171.0,MOValley,TP3,Hybrids
MOValley-TP3-Hybrids_29_14,0.13228877881485535,0.11585796616471464,19.04958414933917,-0.13228877881485535,-0.11585796616471464,-19.04958414933917,75.71527777777777,77.0,10903,96.74305555555556,97.0,13931,82.02777777777777,83.0,11812,0.1075060170371949,0.098908404154863,15.480866453356064,MOValley-TP3-Hybrids,14,29,25500.0,18.4,172.67,51.0,,,,,5.32,68.71,9.02,4.08,0.96,1.03,3.92,193.0,MOValley,TP3,Hybrids
MOValley-TP3-Hybrids_29_15,0.1353190847411682,0.12359550561797752,19.48594820272822,-0.1353190847411682,-0.12359550561797752,-19.48594820272822,74.90972222222223,77.0,10787,96.72222222222224,100.0,13928,80.76388888888889,82.0,11630,0.1126917107662655,0.108143763816587,16.22760635034223,MOValley-TP3-Hybrids,15,29,32500.0,17.47,164.49,65.0,,,,,5.29,68.57,9.34,4.19,0.6,1.08,0.0,176.0,MOValley,TP3,Hybrids
MOValley-TP3-Hybrids_29_16,0.14505915334077799,0.1257183908045977,20.88851808107203,-0.14505915334077799,-0.1257183908045977,-20.88851808107203,72.55555555555556,74.0,10448,94.125,93.0,13554,79.77777777777777,81.0,11488,0.1136622493498317,0.1040598075698146,16.36736390637577,MOValley-TP3-Hybrids,16,29,24000.0,17.87,167.88,48.0,,,,,5.38,71.46,7.79,3.75,1.28,1.13,4.17,212.0,MOValley,TP3,Hybrids
MOValley-TP3-Hybrids_29_17,0.16600300157264458,0.14285714285714285,23.90443222646082,-0.16600300157264458,-0.14285714285714285,-23.90443222646082,64.11805555555556,63.0,9233,86.07638888888889,86.0,12395,73.48611111111111,74.0,10582,0.1210742015405946,0.1091865357643758,17.434685021845624,MOValley-TP3-Hybrids,17,29,,,,,,,,,,,,,,,,,MOValley,TP3,Hybrids
MOValley-TP3-Hybrids_29_18,0.08645814260835284,0.07853403141361257,12.449972535602809,-0.08645814260835284,-0.07853403141361257,-12.449972535602809,87.59722222222223,88.0,12614,102.30555555555556,103.0,14732,85.78472222222223,86.5,12353,0.0885555023774739,0.0796274432638069,12.75199234235625,MOValley-TP3-Hybrids,18,29,27000.0,12.36,116.64,54.0,,,,,4.81,71.76,8.01,4.34,0.41,0.94,3.7,184.0,MOValley,TP3,Hybrids
MOValley-TP3-Hybrids_29_19,0.17233110926623366,0.13214285714285715,24.815679734337646,-0.17233110926623366,-0.13214285714285715,-24.815679734337646,71.6875,73.0,10323,95.04861111111111,95.0,13687,79.56944444444444,80.5,11458,0.1299685781576249,0.1117495492973978,18.715475254698,MOValley-TP3-Hybrids,19,29,32500.0,15.53,144.92,65.0,,,,,4.68,70.08,8.95,3.37,1.22,0.99,1.54,204.0,MOValley,TP3,Hybrids
MOValley-TP3-Hybrids_29_2,0.1512704049945773,0.12299465240641712,21.78293831921913,-0.1512704049945773,-0.12299465240641712,-21.78293831921913,76.71527777777777,78.0,11047,98.875,100.0,14238,80.09027777777777,81.5,11533,0.130359652121812,0.1128608923884514,18.77178990554093,MOValley-TP3-Hybrids,2,29,28500.0,13.81,129.74,57.0,,,,,4.55,70.32,7.43,3.15,0.82,0.81,1.75,202.0,MOValley,TP3,Hybrids
MOValley-TP3-Hybrids_29_20,0.16545154885948313,0.14478221415607986,23.82502303576557,-0.16545154885948313,-0.14478221415607986,-23.82502303576557,62.6013986013986,63.0,8952,83.82517482517483,83.0,11987,72.82517482517483,72.0,10414,0.113313718528492,0.1074918566775244,16.20386174957437,MOValley-TP3-Hybrids,20,29,,,,,,,,,,,,,,,,,MOValley,TP3,Hybrids
MOValley-TP3-Hybrids_29_21,0.1528934045801892,0.10344827586206896,21.863756854967058,-0.1528934045801892,-0.10344827586206896,-21.863756854967058,79.02158273381295,78.0,10984,97.46762589928058,97.0,13548,82.15107913669065,82.0,11419,0.1097387022933694,0.0897832817337461,15.253679618778348,MOValley-TP3-Hybrids,21,29,33500.0,14.26,133.97,67.0,,,,,5.1,70.58,8.38,4.69,0.99,0.92,1.49,207.0,MOValley,TP3,Hybrids
MOValley-TP3-Hybrids_29_22,0.13657512152926318,0.12849162011173185,19.6668175002139,-0.13657512152926318,-0.12849162011173185,-19.6668175002139,77.18055555555556,76.5,11114,99.29166666666669,100.0,14298,83.01388888888889,83.0,11954,0.1132907542411386,0.1076145139400786,16.313868610723958,MOValley-TP3-Hybrids,22,29,24000.0,18.19,171.47,48.0,,,,,5.66,68.62,7.8,3.94,1.19,1.14,2.08,174.0,MOValley,TP3,Hybrids
MOValley-TP3-Hybrids_29_23,0.17342276071489565,0.1468041996684472,24.972877542944975,-0.17342276071489565,-0.1468041996684472,-24.972877542944975,71.54166666666667,70.0,10302,95.85416666666669,95.5,13803,79.76388888888889,80.0,11486,0.1326401914249422,0.1204719764011799,19.100187565191685,MOValley-TP3-Hybrids,23,29,33000.0,15.7,148.65,66.0,,,,,5.5,68.72,8.15,3.52,1.16,1.08,6.06,224.0,MOValley,TP3,Hybrids
MOValley-TP3-Hybrids_29_24,0.19469468766415743,0.13809304467987105,28.03603502363867,-0.19469468766415743,-0.13809304467987105,-28.03603502363867,66.05755395683454,67.0,9182,87.66187050359713,87.0,12185,75.76258992805755,75.0,10531,0.1191562406365234,0.1003717472118959,16.56271744847676,MOValley-TP3-Hybrids,24,29,28500.0,21.65,203.85,57.0,,,,,4.57,69.29,6.95,3.94,1.3,1.18,8.77,218.0,MOValley,TP3,Hybrids
MOValley-TP3-Hybrids_29_25,0.11929696145833152,0.10586426531956952,17.178762449999738,-0.11929696145833152,-0.10586426531956952,-17.178762449999738,73.95138888888889,76.0,10649,91.84722222222224,94.0,13226,80.45138888888889,81.5,11585,0.0922746753954412,0.085982737900142,13.287553256943534,MOValley-TP3-Hybrids,25,29,26500.0,16.79,157.91,53.0,,,,,5.58,72.29,6.54,3.99,0.42,0.8,1.89,206.0,MOValley,TP3,Hybrids
MOValley-TP3-Hybrids_29_26,0.13242971446617918,0.11733416770963705,19.069878883129803,-0.13242971446617918,-0.11733416770963705,-19.069878883129803,76.44444444444444,77.5,11008,97.74305555555556,98.0,14075,81.875,82.5,11790,0.1112116715563587,0.1032392894461859,16.014480704115655,MOValley-TP3-Hybrids,26,29,29000.0,19.85,184.4,58.0,,,,,5.21,70.97,7.55,3.91,0.43,0.97,1.72,193.0,MOValley,TP3,Hybrids
MOValley-TP3-Hybrids_29_27,0.1424699500223239,0.11764705882352941,20.373202853192318,-0.1424699500223239,-0.11764705882352941,-20.373202853192318,75.82517482517483,77.0,10843,96.75524475524476,98.0,13836,80.55244755244755,82.0,11519,0.117848651824075,0.1022727272727272,16.852357210842737,MOValley-TP3-Hybrids,27,29,33000.0,15.76,145.57,66.0,,,,,5.17,70.95,8.73,4.01,1.01,0.84,1.52,237.0,MOValley,TP3,Hybrids
MOValley-TP3-Hybrids_29_28,0.14441432981436308,0.12258064516129032,20.795663493268286,-0.14441432981436308,-0.12258064516129032,-20.795663493268286,69.64583333333333,71.5,10029,89.95833333333333,92.0,12954,75.53472222222223,77.0,10877,0.1161207361919195,0.1035832642916321,16.721386011636415,MOValley-TP3-Hybrids,28,29,31500.0,19.58,180.65,63.0,,,,,5.32,69.82,7.63,3.85,0.68,1.06,3.17,200.0,MOValley,TP3,Hybrids
MOValley-TP3-Hybrids_29_29,0.1487317776465253,0.12568306010928962,21.417375981099642,-0.1487317776465253,-0.12568306010928962,-21.417375981099642,75.62937062937063,77.0,10815,97.52447552447552,100.0,13946,81.1048951048951,82.0,11598,0.1178717951826162,0.1081794195250659,16.855666711114125,MOValley-TP3-Hybrids,29,29,30500.0,16.62,154.74,61.0,,,,,5.17,73.3,6.31,4.27,0.32,0.82,6.56,201.0,MOValley,TP3,Hybrids
MOValley-TP3-Hybrids_29_3,0.08229260220053915,0.06671840405377645,11.850134716877637,-0.08229260220053915,-0.06671840405377645,-11.850134716877637,90.80555555555556,93.0,13076,105.14583333333331,106.5,15141,87.95833333333333,90.0,12666,0.087041682672478,0.0761876579180988,12.534002304836836,MOValley-TP3-Hybrids,3,29,25500.0,9.61,90.49,51.0,,,,,4.86,67.53,9.47,4.25,0.73,1.09,3.92,260.0,MOValley,TP3,Hybrids
MOValley-TP3-Hybrids_29_30,0.11094549077885141,0.08028436018957347,15.976150672154603,-0.11094549077885141,-0.08028436018957347,-15.976150672154603,87.75352112676056,91.0,12461,104.28169014084509,106.5,14808,85.72535211267606,89.0,12173,0.100329613556162,0.0871765178083814,14.246805124975008,MOValley-TP3-Hybrids,30,29,33000.0,13.92,131.21,66.0,,,,,4.88,68.02,8.15,4.31,0.9,1.02,4.55,207.0,MOValley,TP3,Hybrids
MOValley-TP3-Hybrids_29_31,0.16556095380273644,0.12359550561797752,23.84077734759405,-0.16556095380273644,-0.12359550561797752,-23.84077734759405,76.07801418439716,78.0,10727,98.66666666666669,100.0,13912,81.29787234042553,82.0,11463,0.1233603679551032,0.1088082901554404,17.393811881669563,MOValley-TP3-Hybrids,31,29,32500.0,16.9,160.02,65.0,,,,,5.08,69.42,7.8,3.8,1.0,0.88,3.08,186.0,MOValley,TP3,Hybrids
MOValley-TP3-Hybrids_29_32,0.16369204822103287,0.12830992401565738,23.571654943828733,-0.16369204822103287,-0.12830992401565738,-23.571654943828733,80.05594405594405,83.0,11448,105.35664335664336,107.0,15066,85.55944055944056,87.0,12235,0.1323576662487136,0.1147540983606557,18.92714627356605,MOValley-TP3-Hybrids,32,29,32500.0,17.56,165.9,65.0,,,,,5.36,68.44,8.71,3.85,0.93,0.89,1.54,214.0,MOValley,TP3,Hybrids
MOValley-TP3-Hybrids_29_33,0.1358751152074935,0.1032705296836118,19.566016589879066,-0.1358751152074935,-0.1032705296836118,-19.566016589879066,81.57638888888889,83.0,11747,102.1875,105.0,14715,86.07638888888889,88.0,12395,0.1122897131753994,0.0937117690237337,16.169718697257526,MOValley-TP3-Hybrids,33,29,32000.0,13.55,128.01,64.0,,,,,5.32,70.34,8.28,3.3,1.06,0.93,3.12,217.0,MOValley,TP3,Hybrids
MOValley-TP3-Hybrids_29_34,0.11932746959766037,0.10256679991584262,17.183155622063094,-0.11932746959766037,-0.10256679991584262,-17.183155622063094,83.22222222222223,87.0,11984,103.5625,106.5,14913,89.27083333333333,92.0,12855,0.096810938296679,0.0890965648547907,13.940775114721786,MOValley-TP3-Hybrids,34,29,34500.0,17.78,167.23,69.0,,,,,5.45,69.59,7.8,4.19,0.54,0.99,4.35,227.0,MOValley,TP3,Hybrids
MOValley-TP3-Hybrids_29_35,0.13398192455851826,0.109377967067249,19.29339713642663,-0.13398192455851826,-0.109377967067249,-19.29339713642663,82.5104895104895,86.0,11799,104.34265734265736,107.0,14921,89.26573426573427,92.0,12765,0.1028071782175913,0.0929577464788732,14.701426485115563,MOValley-TP3-Hybrids,35,29,27500.0,13.65,127.23,55.0,,,,,5.36,71.42,8.81,4.72,0.9,1.04,3.64,226.0,MOValley,TP3,Hybrids
MOValley-TP3-Hybrids_29_36,0.12946307578872396,0.11526020909143418,18.642682913576248,-0.12946307578872396,-0.11526020909143418,-18.642682913576248,80.95138888888889,85.0,11657,103.27777777777776,106.0,14872,90.80555555555556,93.0,13076,0.0959899323934162,0.0888167505275117,13.822550264651944,MOValley-TP3-Hybrids,36,29,30500.0,15.18,142.93,61.0,,,,,5.19,70.04,7.01,3.97,0.66,1.07,3.28,237.0,MOValley,TP3,Hybrids
MOValley-TP3-Hybrids_29_37,0.1332024173443065,0.10714285714285714,19.181148097580135,-0.1332024173443065,-0.10714285714285714,-19.181148097580135,79.91608391608392,81.0,11428,99.74825174825176,101.0,14264,85.7972027972028,86.0,12269,0.1019656587750959,0.0909090909090909,14.581089204838715,MOValley-TP3-Hybrids,37,29,29500.0,17.89,167.51,59.0,,,,,5.21,70.23,7.47,4.17,0.54,1.0,3.39,203.0,MOValley,TP3,Hybrids
MOValley-TP3-Hybrids_29_38,0.13938276893459,0.11652168802162924,20.07111872658096,-0.13938276893459,-0.11652168802162924,-20.07111872658096,75.89583333333333,78.0,10929,97.69444444444444,101.0,14068,82.15277777777777,85.0,11830,0.1134015913227853,0.103767942583732,16.32982915048109,MOValley-TP3-Hybrids,38,29,30500.0,17.8,166.1,61.0,,,,,5.44,71.81,7.97,3.85,1.68,1.26,1.64,225.0,MOValley,TP3,Hybrids
MOValley-TP3-Hybrids_29_39,0.179536444825293,0.14540212891780013,25.85324805484219,-0.179536444825293,-0.14540212891780013,-25.85324805484219,70.61971830985915,72.0,10028,95.2887323943662,97.0,13531,79.24647887323944,81.0,11253,0.1296126583526802,0.1151635720601237,18.404997486080592,MOValley-TP3-Hybrids,39,29,30000.0,17.23,162.23,60.0,,,,,5.36,70.47,6.6,3.93,0.51,0.99,5.0,221.0,MOValley,TP3,Hybrids
MOValley-TP3-Hybrids_29_4,0.09772071130399562,0.07887097610284588,14.07178242777537,-0.09772071130399562,-0.07887097610284588,-14.07178242777537,88.43055555555556,92.0,12734,105.00694444444444,108.0,15121,89.14583333333333,91.5,12837,0.0907770666812204,0.0788804071246819,13.07189760209575,MOValley-TP3-Hybrids,4,29,26500.0,11.86,111.3,53.0,,,,,5.11,71.68,9.0,4.65,0.43,0.94,3.77,220.0,MOValley,TP3,Hybrids
MOValley-TP3-Hybrids_29_40,0.17250908416115332,0.1301891427167772,24.84130811920608,-0.17250908416115332,-0.1301891427167772,-24.84130811920608,70.34265734265735,72.0,10059,92.67832167832168,95.0,13253,77.87412587412588,78.0,11136,0.1268740281343282,0.107871720116618,18.14298602320894,MOValley-TP3-Hybrids,40,29,32000.0,17.11,158.58,64.0,,,,,5.93,71.71,6.38,4.25,1.71,1.2,3.12,213.0,MOValley,TP3,Hybrids
MOValley-TP3-Hybrids_29_41,0.15764168473926143,0.12226593233674271,22.700402602453646,-0.15764168473926143,-0.12226593233674271,-22.700402602453646,69.23611111111111,71.0,9970,90.48611111111111,91.5,13030,79.29861111111111,81.0,11419,0.110124746600602,0.0889737065309584,15.857963510486696,MOValley-TP3-Hybrids,41,29,30500.0,19.5,180.74,61.0,,,,,5.73,72.81,6.44,4.21,1.29,1.25,4.92,203.0,MOValley,TP3,Hybrids
MOValley-TP3-Hybrids_29_42,0.15283631234684553,0.13728332808068075,22.008428977945755,-0.15283631234684553,-0.13728332808068075,-22.008428977945755,76.51388888888889,76.0,11018,101.07638888888889,101.5,14555,84.40277777777777,85.0,12154,0.1217184977924939,0.110185848146188,17.527463682119127,MOValley-TP3-Hybrids,42,29,31500.0,21.12,198.86,63.0,,,,,4.59,70.22,7.69,4.34,1.95,1.43,0.0,208.0,MOValley,TP3,Hybrids
MOValley-TP3-Hybrids_29_43,0.15158660499139998,0.11748499727223131,21.8284711187616,-0.15158660499139998,-0.11748499727223131,-21.8284711187616,77.5,81.0,11160,100.46527777777776,103.0,14467,84.32638888888889,86.5,12143,0.1195660915799885,0.1015822059160743,17.21751718751835,MOValley-TP3-Hybrids,43,29,30500.0,18.37,173.36,61.0,,,,,5.47,68.53,8.06,3.71,1.32,1.14,1.64,213.0,MOValley,TP3,Hybrids
MOValley-TP3-Hybrids_29_44,0.13911902508719295,0.12629330670439098,20.033139612555786,-0.13911902508719295,-0.12629330670439098,-20.033139612555786,82.79861111111111,84.0,11923,106.94444444444444,107.0,15400,86.85416666666667,87.5,12507,0.1221490202932914,0.1147488793806031,17.58945892223397,MOValley-TP3-Hybrids,44,29,22500.0,18.29,172.02,45.0,,,,,4.93,68.5,7.28,4.1,1.05,1.19,4.44,166.0,MOValley,TP3,Hybrids
MOValley-TP3-Hybrids_29_45,0.14077202259051058,0.12128612128612129,20.271171253033522,-0.14077202259051058,-0.12128612128612129,-20.271171253033522,83.63888888888889,85.5,12044,108.54166666666669,110.0,15630,86.43055555555556,87.0,12446,0.1284469318450539,0.1147214854111405,18.49635818568777,MOValley-TP3-Hybrids,45,29,33500.0,14.17,133.87,67.0,,,,,5.52,71.83,8.91,4.11,1.08,1.15,4.48,177.0,MOValley,TP3,Hybrids
MOValley-TP3-Hybrids_29_5,0.14827952397031655,0.12,21.352251451725582,-0.14827952397031655,-0.12,-21.352251451725582,78.06944444444444,80.5,11242,100.22222222222224,102.5,14432,83.15277777777777,85.5,11974,0.121813508454015,0.1077933457536857,17.54114521737817,MOValley-TP3-Hybrids,5,29,28500.0,14.07,130.7,57.0,,,,,4.72,70.81,9.63,3.66,0.68,0.92,1.75,235.0,MOValley,TP3,Hybrids
MOValley-TP3-Hybrids_29_6,0.14737689085551117,0.11696306429548564,21.222272283193607,-0.14737689085551117,-0.11696306429548564,-21.222272283193607,70.34027777777777,75.0,10129,90.88194444444444,92.5,13087,76.42361111111111,80.0,11005,0.1172612504086506,0.1012864354339684,16.885620058845692,MOValley-TP3-Hybrids,6,29,29500.0,15.84,148.65,59.0,,,,,5.14,68.3,9.59,3.66,1.24,1.01,0.0,216.0,MOValley,TP3,Hybrids
MOValley-TP3-Hybrids_29_7,0.16479568400218933,0.1098583497427428,23.730578496315264,-0.16479568400218933,-0.1098583497427428,-23.730578496315264,73.41958041958041,78.0,10499,93.95804195804196,97.0,13436,79.6013986013986,83.0,11383,0.1211091957429516,0.0948509485094851,17.31861499124208,MOValley-TP3-Hybrids,7,29,29000.0,15.55,146.09,58.0,,,,,5.79,70.95,9.9,3.98,1.04,1.21,1.72,220.0,MOValley,TP3,Hybrids
MOValley-TP3-Hybrids_29_8,0.14490823530118327,0.13163841807909604,20.86678588337039,-0.14490823530118327,-0.13163841807909604,-20.86678588337039,79.9090909090909,80.0,11427,102.04895104895104,102.0,14593,84.41958041958041,83.0,12072,0.1181169045657177,0.1150895140664961,16.890717352897642,MOValley-TP3-Hybrids,8,29,27000.0,16.67,153.8,54.0,,,,,5.25,68.84,8.31,4.09,0.89,1.04,1.85,207.0,MOValley,TP3,Hybrids
MOValley-TP3-Hybrids_29_9,0.11578819806558976,0.10752688172043011,16.673500521444925,-0.11578819806558976,-0.10752688172043011,-16.673500521444925,79.625,81.0,11466,98.93055555555556,100.5,14246,82.91666666666667,85.0,11940,0.1024280691071677,0.0973451327433628,14.749641951432157,MOValley-TP3-Hybrids,9,29,25000.0,15.68,148.3,50.0,,,,,5.28,69.67,7.87,3.94,0.8,1.09,8.0,193.0,MOValley,TP3,Hybrids
