file_,Red_mean,Red_median,Red_sum,Green_mean,Green_median,Green_sum,Blue_mean,Blue_median,Blue_sum,GLI_mean,GLI_median,GLI_sum,NGRDI_mean,NGRDI_median,NGRDI_sum,GRVI_mean,GRVI_median,GRVI_sum,field,range,row,exp,plantDensity,combineYield,yieldPerAcre,totalStandCount,daysToAnthesis,GDDToAnthesis,daysToSilk,GDDToSilk,percentMoisture,percentStarch,percentProtein,percentOil,percentFiber,percentAsh,percentLodging,flagLeafHeight,genotype
MOValley-TP1-Hybrids_23_10,84.36451864616186,85.0,20758396,109.61419758103848,113.0,26971231,74.8325584419807,74.0,18413000,0.1658343198232673,0.1652892561983471,40804.52939843386,-0.1316952059536225,-0.1379310344827586,-32404.395596124537,0.1316952059536225,0.1379310344827586,32404.395596124537,MOValley-TP1-Hybrids,23,10,Hybrids,28500.0,13.69,128.9,57.0,,,,,5.0,65.51,11.22,4.02,1.57,1.26,0.0,185.0,PHP02 X LH145
MOValley-TP1-Hybrids_23_11,67.1872854114223,61.0,16574633,92.12060739461596,89.0,22725509,56.15195810177022,49.0,13852295,0.2067374384988932,0.2100840336134453,51000.67891560747,-0.1634037399977476,-0.1716417910447761,-40310.55883126435,0.1634037399977476,0.1716417910447761,40310.55883126435,MOValley-TP1-Hybrids,23,11,Hybrids,25500.0,16.09,150.82,51.0,,,,,5.61,70.05,9.34,3.86,0.8,1.18,0.0,209.0,LH82 X W606S
MOValley-TP1-Hybrids_23_12,59.88811562735455,55.0,14784100,86.68533026549247,83.0,21399314,56.12891413016179,49.0,13856096,0.1995127038745217,0.2,49252.10510387218,-0.179754418782497,-0.1875,-44374.53532948477,0.179754418782497,0.1875,44374.53532948477,MOValley-TP1-Hybrids,23,12,Hybrids,30000.0,20.83,195.47,60.0,,,,,5.35,69.21,8.28,4.02,0.97,1.18,0.0,201.0,PIONEER 1311 AMXT
MOValley-TP1-Hybrids_23_13,61.69353022200616,59.0,15228431,89.56904877653541,89.0,22109224,58.29764624858208,54.0,14390191,0.2000961555525473,0.2014134275618374,49391.735036590784,-0.1799489938739948,-0.1887550200803212,-44418.60964785689,0.1799489938739948,0.1887550200803212,44418.60964785689,MOValley-TP1-Hybrids,23,13,Hybrids,29000.0,17.79,166.76,58.0,,,,,5.41,68.16,9.08,3.86,1.4,1.12,3.45,216.0,B73 X PHM49
MOValley-TP1-Hybrids_23_14,65.69008922170967,62.0,16219737,92.26267146727795,91.0,22780853,60.165288988429126,56.0,14855592,0.1918457628304515,0.1926605504587156,47369.21283775529,-0.1659693197482855,-0.175438596491228,-40979.982647008415,0.1659693197482855,0.175438596491228,40979.982647008415,MOValley-TP1-Hybrids,23,14,Hybrids,24000.0,13.93,130.72,48.0,,,,,5.39,70.73,10.27,3.95,1.64,1.33,8.33,213.0,PHN46 X PHK56
MOValley-TP1-Hybrids_23_15,48.47351430608211,44.0,11967529,74.10006156637827,69.0,18294416,45.38914406532517,39.0,11206035,0.2280860752871792,0.2250922509225092,56311.71495550111,-0.2087175728120879,-0.2121212121212121,-51529.86411643076,0.2087175728120879,0.2121212121212121,51529.86411643076,MOValley-TP1-Hybrids,23,15,Hybrids,,,,,,,,,5.24,68.68,8.52,4.18,0.91,1.18,,185.0,PHB47 X PHJ89
MOValley-TP1-Hybrids_23_16,61.61370906999911,57.0,15215259,83.74550711491581,81.0,20680618,56.44321025649332,51.0,13938425,0.1786875179640709,0.1826086956521739,44126.16781115547,-0.1560906894480406,-0.1619047619047619,-38545.97139643584,0.1560906894480406,0.1619047619047619,38545.97139643584,MOValley-TP1-Hybrids,23,16,Hybrids,22500.0,15.61,146.49,45.0,,,,,5.15,67.28,8.66,3.74,1.39,1.26,17.78,197.0,PHK56 X 3IIH6
MOValley-TP1-Hybrids_23_17,54.48350660707346,51.0,13457862,79.02716511206114,75.0,19520342,52.32707037828735,46.0,12925205,0.1922652368808588,0.197452229299363,47491.05163146718,-0.1762559961633624,-0.1851851851851851,-43536.64110031983,0.1762559961633624,0.1851851851851851,43536.64110031983,MOValley-TP1-Hybrids,23,17,Hybrids,30500.0,19.63,182.77,61.0,,,,,4.78,71.57,8.44,4.36,0.41,0.98,3.28,193.0,PHW52 X PHN82
MOValley-TP1-Hybrids_23_18,68.48365484532248,68.0,16937446,96.30917714225642,98.0,23819282,63.03894938157293,61.0,15590856,0.1927371555092956,0.1958762886597938,47667.94603771451,-0.1681287374715069,-0.1764705882352941,-41581.76748019056,0.1681287374715069,0.1764705882352941,41581.76748019056,MOValley-TP1-Hybrids,23,18,Hybrids,29500.0,21.34,200.71,59.0,,,,,5.51,68.72,8.09,4.38,0.5,1.16,5.08,186.0,LH82 X PHJ89
MOValley-TP1-Hybrids_23_19,69.27042814926808,67.0,17135218,96.73912445880008,97.0,23930067,64.33828683696693,61.0,15915169,0.1879485074804707,0.1859649122807017,46492.2584499216,-0.1626134176578202,-0.1682242990654205,-40225.19328576203,0.1626134176578202,0.1682242990654205,40225.19328576203,MOValley-TP1-Hybrids,23,19,Hybrids,32000.0,19.85,188.37,64.0,,,,,5.24,68.6,8.5,3.66,1.09,0.97,0.0,194.0,LH74 X PHM49
MOValley-TP1-Hybrids_23_2,76.32015333084014,75.0,18775063,101.54462122567112,103.0,24980383,66.25294304157656,63.0,16298489,0.1798071640428717,0.1808731808731808,44233.28158320263,-0.1440407577190652,-0.1502145922746781,-35434.60256192091,0.1440407577190652,0.1502145922746781,35434.60256192091,MOValley-TP1-Hybrids,23,2,Hybrids,27000.0,16.71,156.64,54.0,,,,,5.01,68.78,8.48,3.97,0.72,1.11,3.7,182.0,PHP02 X PHN46
MOValley-TP1-Hybrids_23_20,58.42877649551568,55.0,14449787,87.66678123458388,86.0,21680521,55.09367342482592,50.0,13624996,0.2169756388410345,0.2134831460674157,53659.3773392209,-0.1943545958979116,-0.2,-48065.057693128925,0.1943545958979116,0.2,48065.057693128925,MOValley-TP1-Hybrids,23,20,Hybrids,30500.0,17.92,166.09,61.0,,,,,5.56,71.87,7.83,3.99,1.85,1.25,11.48,201.0,B14A X MO17
MOValley-TP1-Hybrids_23_21,52.5281485944912,48.0,12989003,80.51074301289647,76.0,19908455,47.39982691475552,40.0,11720887,0.2447109802147699,0.2398921832884097,60511.39705456766,-0.2137261849947547,-0.217391304347826,-52849.569846947976,0.2137261849947547,0.217391304347826,52849.569846947976,MOValley-TP1-Hybrids,23,21,Hybrids,,,,,,,,,,,,,,,,,
MOValley-TP1-Hybrids_23_22,69.27422501363168,68.0,17151259,94.15643920269808,94.0,23311722,62.85753579578731,60.0,15562583,0.1768154201273642,0.1776649746192893,43776.84579223348,-0.1492450412533932,-0.1531531531531531,-36950.83353872135,0.1492450412533932,0.1531531531531531,36950.83353872135,MOValley-TP1-Hybrids,23,22,Hybrids,27000.0,17.14,161.93,54.0,,,,,5.17,67.53,8.35,4.4,0.98,1.19,3.7,196.0,PHP02 X PHG47
MOValley-TP1-Hybrids_23_23,64.3810609275538,61.0,15929484,92.14442760432456,91.0,22798835,57.694533697079926,53.0,14275070,0.209901615723685,0.2100840336134453,51934.90727043276,-0.1794097708528048,-0.1830985915492957,-44390.46255325523,0.1794097708528048,0.1830985915492957,44390.46255325523,MOValley-TP1-Hybrids,23,23,Hybrids,30500.0,12.04,112.61,61.0,,,,,5.72,72.42,7.25,3.72,1.58,1.3,4.92,217.0,B84 X 3IIH6
MOValley-TP1-Hybrids_23_24,77.1148616441123,78.0,19089784,105.8270854372854,110.0,26197495,67.13089072914563,66.0,16618252,0.1932677462034963,0.1932457786116322,47843.43057267552,-0.1542024590152592,-0.1598746081504702,-38172.81872922744,0.1542024590152592,0.1598746081504702,38172.81872922744,MOValley-TP1-Hybrids,23,24,Hybrids,31500.0,16.78,159.23,63.0,,,,,5.27,67.94,7.83,4.13,1.08,1.1,0.0,177.0,PHP02 X PHK76
MOValley-TP1-Hybrids_23_25,74.04806951131415,73.0,18348149,100.3695835536166,102.0,24870278,66.5927147106184,64.0,16500809,0.1818630590954311,0.17960088691796,45063.30182407959,-0.1502371150694732,-0.1538461538461538,-37226.80403171957,0.1502371150694732,0.1538461538461538,37226.80403171957,MOValley-TP1-Hybrids,23,25,Hybrids,28000.0,15.81,148.86,56.0,,,,,5.3,66.72,10.44,4.26,1.32,1.13,3.57,180.0,PHP02 X LH145
MOValley-TP1-Hybrids_23_26,71.86156641098103,70.0,17800110,100.10595478401292,101.0,24796245,61.19003633427533,59.0,15156772,0.2088261425085378,0.2057026476578411,51726.23549936483,-0.1659301504712991,-0.168,-41100.89827174079,0.1659301504712991,0.168,41100.89827174079,MOValley-TP1-Hybrids,23,26,Hybrids,28000.0,17.04,160.8,56.0,,,,,5.72,66.8,9.23,3.93,1.6,1.22,0.0,212.0,PHK56 X LH145
MOValley-TP1-Hybrids_23_27,78.52424299918053,80.0,19452104,107.81919175201132,113.0,26709078,65.97192405972848,65.0,16342631,0.2029071370836181,0.2025052192066805,50264.358905490975,-0.155415661621051,-0.1610942249240121,-38499.72311242839,0.155415661621051,0.1610942249240121,38499.72311242839,MOValley-TP1-Hybrids,23,27,Hybrids,27500.0,18.4,173.64,55.0,,,,,5.02,68.59,8.58,4.0,0.86,1.07,3.64,198.0,PHK76 X LH82
MOValley-TP1-Hybrids_23_28,73.19491098658051,71.0,18168514,95.9263760922726,96.0,23810941,63.4217693104129,60.0,15742615,0.1692341170410109,0.1724137931034483,42007.461766036766,-0.1335370384740162,-0.1408450704225352,-33146.69722705879,0.1335370384740162,0.1408450704225352,33146.69722705879,MOValley-TP1-Hybrids,23,28,Hybrids,23500.0,16.66,155.82,47.0,,,,,4.6,69.37,8.63,3.78,0.53,1.05,6.38,195.0,PHP02 X PHN46
MOValley-TP1-Hybrids_23_29,62.49696229866164,59.0,15512621,90.59136068070296,89.0,22486044,54.52512751093814,49.0,13533900,0.2160038787430855,0.2188365650969529,53615.18675833623,-0.1797034835472741,-0.1888544891640866,-44604.9204652031,0.1797034835472741,0.1888544891640866,44604.9204652031,MOValley-TP1-Hybrids,23,29,Hybrids,28000.0,20.9,195.03,56.0,,,,,5.29,69.21,7.08,3.9,0.97,0.94,0.0,220.0,PHK56 X W606S
MOValley-TP1-Hybrids_23_3,74.86433953972852,74.0,18399259,102.50827609778328,106.0,25193254,67.40618388073305,65.0,16566283,0.1823062302279133,0.1846921797004991,44805.0375906538,-0.152966468030379,-0.1624548736462094,-37594.26291489018,0.152966468030379,0.1624548736462094,37594.26291489018,MOValley-TP1-Hybrids,23,3,Hybrids,24000.0,13.8,130.08,48.0,,,,,5.17,68.95,9.38,4.53,0.93,0.96,0.0,213.0,LH198 X PHB47
MOValley-TP1-Hybrids_23_30,76.22157607118677,76.0,18913317,103.28082180739594,105.0,25627690,67.35365686558984,66.0,16712867,0.1883172790239197,0.1851851851851851,46728.29634787934,-0.1545588133265217,-0.1549295774647887,-38351.60570358978,0.1545588133265217,0.1549295774647887,38351.60570358978,MOValley-TP1-Hybrids,23,30,Hybrids,29500.0,18.18,171.18,59.0,,,,,4.9,68.49,8.09,3.78,1.13,1.13,3.39,194.0,PHP02 X PHG47
MOValley-TP1-Hybrids_23_31,74.76143579895265,73.0,18530519,105.04355246064344,107.0,26036305,63.73607894715608,61.0,15797752,0.2161800291633356,0.2121212121212121,53582.81438848269,-0.1764669753361011,-0.1743772241992882,-43739.45744075669,0.1764669753361011,0.1743772241992882,43739.45744075669,MOValley-TP1-Hybrids,23,31,Hybrids,29500.0,19.32,181.91,59.0,,,,,4.81,67.35,8.93,4.25,1.26,1.09,0.0,224.0,PHK56 X LH185
MOValley-TP1-Hybrids_23_32,61.16708710013558,56.0,15203263,84.43088999126947,81.0,20985551,52.233495471790725,46.0,12982792,0.1987828177608467,0.2008281573498964,49408.065702911736,-0.1627034054125233,-0.1705685618729097,-40440.419525498924,0.1627034054125233,0.1705685618729097,40440.419525498924,MOValley-TP1-Hybrids,23,32,Hybrids,25000.0,18.02,169.1,50.0,,,,,5.26,72.73,7.85,4.35,0.24,0.83,10.0,205.0,PHN46 X W606S
MOValley-TP1-Hybrids_23_33,72.29429545463692,71.0,17961590,98.90685084785328,100.0,24573506,63.92172702061976,61.0,15881417,0.1911665038827758,0.1881188118811881,47495.50905617954,-0.1569829458767651,-0.1581920903954802,-39002.569886028185,0.1569829458767651,0.1581920903954802,39002.569886028185,MOValley-TP1-Hybrids,23,33,Hybrids,29000.0,18.55,174.08,58.0,,,,,5.21,71.04,8.1,4.19,1.21,1.18,1.72,235.0,PHP02 X LH185
MOValley-TP1-Hybrids_23_34,59.266621047758974,55.0,14723903,91.41292893513392,90.0,22710171,54.3346951919013,48.0,13498640,0.2429319186897736,0.2390243902439024,60352.79121969391,-0.2148650227506187,-0.21875,-53379.99192704995,0.2148650227506187,0.21875,53379.99192704995,MOValley-TP1-Hybrids,23,34,Hybrids,32000.0,18.88,177.17,64.0,,,,,4.92,71.82,7.94,3.89,1.9,1.34,3.12,182.0,SYNGENTA NK0760-3111
MOValley-TP1-Hybrids_23_35,64.45219942527581,62.0,16036674,93.25534232260917,93.0,23203328,57.99172477543557,53.0,14429211,0.213064082800242,0.2121212121212121,53013.53976194223,-0.1819746142478037,-0.1902439024390244,-45278.0136440673,0.1819746142478037,0.1902439024390244,45278.0136440673,MOValley-TP1-Hybrids,23,35,Hybrids,25500.0,20.64,194.13,51.0,,,,,4.15,69.47,7.24,4.04,0.98,1.12,3.92,190.0,HOEGEMEYER 7089 AMXT
MOValley-TP1-Hybrids_23_36,71.609987172218,70.0,17807900,97.49021027107234,99.0,24243768,61.68336288950816,59.0,15339357,0.1904077123895804,0.1895424836601307,47350.39950932848,-0.1532916434617294,-0.1568627450980392,-38120.412604419405,0.1532916434617294,0.1568627450980392,38120.412604419405,MOValley-TP1-Hybrids,23,36,Hybrids,27500.0,15.79,149.17,55.0,,,,,4.9,67.89,8.17,4.28,0.73,1.07,7.27,177.0,PHK76 X 3IIH6
MOValley-TP1-Hybrids_23_37,74.09666111928479,74.0,18432730,100.1469614014777,102.0,24913159,64.37368852656714,62.0,16013985,0.185349991527087,0.18796992481203,46108.775992227325,-0.1450887028356567,-0.1549295774647887,-36093.136249614974,0.1450887028356567,0.1549295774647887,36093.136249614974,MOValley-TP1-Hybrids,23,37,Hybrids,25000.0,14.24,135.58,50.0,,,,,5.21,70.11,9.47,4.43,0.64,0.92,4.0,201.0,PHK76 X LH145
MOValley-TP1-Hybrids_23_38,70.21494092227123,70.0,17483099,98.44218334578343,100.0,24511513,60.429428018345824,58.0,15046565,0.2061139710550241,0.2068965517241379,51321.14210887468,-0.1680833397325476,-0.1741935483870967,-41851.74309336596,0.1680833397325476,0.1741935483870967,41851.74309336596,MOValley-TP1-Hybrids,23,38,Hybrids,26000.0,19.24,181.57,52.0,,,,,5.29,69.47,8.06,3.14,0.86,0.93,1.92,209.0,PHN46 X PHB47
MOValley-TP1-Hybrids_23_39,65.87470086568267,64.0,16406226,94.61247048809084,94.0,23563425,58.37089041645921,55.0,14537387,0.213269205151583,0.2118811881188118,53115.12208141206,-0.180352194766107,-0.1851851851851851,-44917.07481088849,0.180352194766107,0.1851851851851851,44917.07481088849,MOValley-TP1-Hybrids,23,39,Hybrids,25000.0,17.66,166.65,50.0,,,,,5.72,71.88,8.22,4.05,1.26,1.27,4.0,172.0,PHN46 X PHK56
MOValley-TP1-Hybrids_23_4,70.04525202968065,66.0,17246612,93.68923040682964,92.0,23068256,59.91453612811255,55.0,14752217,0.1852443941677317,0.1858407079646017,45611.059976373086,-0.1489167284184896,-0.1532846715328467,-36666.42578792893,0.1489167284184896,0.1532846715328467,36666.42578792893,MOValley-TP1-Hybrids,23,4,Hybrids,23000.0,11.96,112.49,46.0,,,,,5.05,71.21,10.08,4.79,0.35,0.87,4.35,181.0,PHK76 X W606S
MOValley-TP1-Hybrids_23_40,71.08106046922352,70.0,17708780,98.0670118610392,100.0,24431925,63.24821883717663,61.0,15757345,0.1924417867030256,0.1914893617021276,47943.9845302583,-0.1578948184709667,-0.1636363636363636,-39337.1255997643,0.1578948184709667,0.1636363636363636,39337.1255997643,MOValley-TP1-Hybrids,23,40,Hybrids,26500.0,21.33,201.74,53.0,,,,,5.17,67.2,8.5,3.83,1.45,1.2,0.0,205.0,PHP02 X PHK56
MOValley-TP1-Hybrids_23_41,70.1320691855961,71.0,17471792,99.96138114295118,103.0,24903079,60.45836059519844,59.0,15061810,0.2154180527244453,0.215748031496063,53666.45322108289,-0.1741280944196164,-0.1802120141342756,-43380.009778475775,0.1741280944196164,0.1802120141342756,43380.009778475775,MOValley-TP1-Hybrids,23,41,Hybrids,33000.0,17.85,168.07,66.0,,,,,5.37,66.57,10.65,4.14,1.13,1.27,1.52,173.0,PHP02 X LH82
MOValley-TP1-Hybrids_23_42,73.0584220704708,73.0,18208935,101.29374734189813,105.0,25246251,64.71761930363749,64.0,16130090,0.2010003053766118,0.1972789115646258,50096.91411145598,-0.1667818526862042,-0.1694352159468438,-41568.37539980418,0.1667818526862042,0.1694352159468438,41568.37539980418,MOValley-TP1-Hybrids,23,42,Hybrids,31000.0,17.46,165.5,62.0,,,,,5.09,69.1,8.1,4.19,0.43,1.02,1.61,210.0,PHK76 X LH198
MOValley-TP1-Hybrids_23_43,65.94633733906612,64.0,16457502,92.65177773592616,93.0,23122085,59.16021461858719,56.0,14763964,0.1999662497669914,0.2024048096192384,49903.377325600624,-0.1695931771060523,-0.1775700934579439,-42323.50368540931,0.1695931771060523,0.1775700934579439,42323.50368540931,MOValley-TP1-Hybrids,23,43,Hybrids,29500.0,22.66,214.08,59.0,,,,,5.26,71.16,7.32,3.57,1.11,1.22,1.69,183.0,HOEGEMEYER 8065RR
MOValley-TP1-Hybrids_23_44,78.49978546365915,78.0,19575884,105.46073182957392,108.0,26299270,69.87333533834587,68.0,17424663,0.1785454101410981,0.1819699499165275,44524.76165393636,-0.1480415301408792,-0.1564625850340136,-36917.85657888175,0.1480415301408792,0.1564625850340136,36917.85657888175,MOValley-TP1-Hybrids,23,44,Hybrids,27000.0,16.67,157.49,54.0,,,,,5.47,68.05,9.21,3.93,1.21,1.0,1.85,193.0,PHK56 X PHJ89
MOValley-TP1-Hybrids_23_45,61.63035731445594,56.0,15392305,88.64372257279221,86.0,22138947,54.69124971972197,48.0,13659249,0.2179675564603772,0.2192066805845511,54437.83316109215,-0.1871150807972551,-0.1967213114754098,-46732.36565927607,0.1871150807972551,0.1967213114754098,46732.36565927607,MOValley-TP1-Hybrids,23,45,Hybrids,27000.0,18.62,176.11,54.0,,,,,5.4,72.19,7.23,3.74,1.39,1.19,0.0,206.0,PIONEER P0589 AMXT
MOValley-TP1-Hybrids_23_5,78.08776528729466,78.0,19213807,103.86184333520283,106.0,25555622,68.61102847342454,67.0,16882018,0.1784016533097078,0.1764705882352941,43896.440403466855,-0.141306310233593,-0.1461318051575931,-34768.9828582165,0.141306310233593,0.1461318051575931,34768.9828582165,MOValley-TP1-Hybrids,23,5,Hybrids,27500.0,14.71,138.66,55.0,,,,,5.12,68.59,9.93,3.93,1.19,1.16,1.82,197.0,LH74 X PHN82
MOValley-TP1-Hybrids_23_6,80.65681102921768,71.0,19862143,99.7309252604008,96.0,24559239,68.72432640961605,60.0,16923709,0.158898765990747,0.1486146095717884,39129.615619051416,-0.1230221242283613,-0.1186440677966101,-30294.813201855133,0.1230221242283613,0.1186440677966101,30294.813201855133,MOValley-TP1-Hybrids,23,6,Hybrids,17500.0,13.58,127.44,35.0,,,,,5.17,72.23,9.39,3.95,0.41,0.91,8.57,201.0,PHN46 X W606S
MOValley-TP1-Hybrids_23_7,66.84697899313315,62.0,16451710,98.7592905611312,97.0,24305649,61.51778066718134,55.0,15140141,0.2213993488311353,0.2222222222222222,54488.59374083072,-0.1957910189107987,-0.203883495145631,-48186.12766413667,0.1957910189107987,0.203883495145631,48186.12766413667,MOValley-TP1-Hybrids,23,7,Hybrids,30000.0,16.6,155.25,60.0,,,,,6.03,69.57,10.74,4.08,2.35,1.62,0.0,205.0,SYNGENTA NK0760-3111
MOValley-TP1-Hybrids_23_8,85.29068809814557,85.0,21023387,111.64639276890432,115.0,27519831,74.18582422887651,73.0,18286138,0.173024414581419,0.173469387755102,42648.96097458856,-0.1381713693373994,-0.1445086705202312,-34057.99899934493,0.1381713693373994,0.1445086705202312,34057.99899934493,MOValley-TP1-Hybrids,23,8,Hybrids,30000.0,9.89,92.91,60.0,,,,,5.28,69.96,9.31,4.46,1.29,1.37,60.0,168.0,B105 X 3IIH6
MOValley-TP1-Hybrids_23_9,80.86808771673248,82.0,19906165,109.9266197045776,115.0,27059097,72.39544841482638,72.0,17820574,0.1862860839040032,0.1847826086956521,45855.43726947382,-0.1543762374187415,-0.1578947368421052,-38000.63709804775,0.1543762374187415,0.1578947368421052,38000.63709804775,MOValley-TP1-Hybrids,23,9,Hybrids,30500.0,14.01,131.47,61.0,,,,,5.11,67.6,9.62,4.34,0.91,1.18,9.84,189.0,PHP02 X PHJ89
MOValley-TP1-Hybrids_25_10,74.49991891015245,71.0,18374660,101.45175154070712,102.0,25022060,66.10666963996108,61.0,16304549,0.1893871880474578,0.1861198738170347,46710.45606002501,-0.1620307519173393,-0.1705882352941176,-39963.264652892576,0.1620307519173393,0.1705882352941176,39963.264652892576,MOValley-TP1-Hybrids,25,10,Hybrids,20500.0,14.9,140.61,41.0,,,,,5.22,70.68,10.1,4.19,1.0,0.93,0.0,192.0,PHN46 X PHB47
MOValley-TP1-Hybrids_25_11,74.10225094718075,73.0,18287324,101.30566282391555,104.0,25000718,66.66498774236683,64.0,16451919,0.1916505361625526,0.1916666666666666,47296.47756687554,-0.1642833836173502,-0.1733333333333333,-40542.67482600778,0.1642833836173502,0.1733333333333333,40542.67482600778,MOValley-TP1-Hybrids,25,11,Hybrids,27500.0,18.83,176.51,55.0,,,,,5.22,69.13,9.49,3.82,1.36,1.18,5.45,204.0,HOEGEMEYER 8065RR
MOValley-TP1-Hybrids_25_12,77.66037353397846,76.0,19156562,105.18700617421584,108.0,25946584,70.15283515289596,68.0,17304670,0.1835654886306472,0.184,45280.2826460104,-0.1564269327670404,-0.1673151750972762,-38585.987932578624,0.1564269327670404,0.1673151750972762,38585.987932578624,MOValley-TP1-Hybrids,25,12,Hybrids,25500.0,17.23,162.05,51.0,,,,,5.78,67.45,9.09,4.37,0.96,1.07,3.92,208.0,PHK56 X PHJ89
MOValley-TP1-Hybrids_25_13,57.51552425234099,52.0,14200813,84.66420552117422,84.0,20903931,51.35898162848719,45.0,12680738,0.2321162891950212,0.2299465240641711,57310.44026740752,-0.203367617291317,-0.2117647058823529,-50212.278179695335,0.203367617291317,0.2117647058823529,50212.278179695335,MOValley-TP1-Hybrids,25,13,Hybrids,,,,,,,,,5.03,68.86,8.5,3.93,0.85,1.19,,204.0,LH185 X LH145
MOValley-TP1-Hybrids_25_14,54.2222037748685,48.0,13390119,80.01990694434883,77.0,19760836,49.64267925766049,42.0,12259210,0.2289923283630529,0.2258064516129032,56549.42649692755,-0.2073230905406601,-0.2148148148148148,-51198.22988592549,0.2073230905406601,0.2148148148148148,51198.22988592549,MOValley-TP1-Hybrids,25,14,Hybrids,,,,,,,,,5.51,68.75,8.56,4.41,0.74,1.2,,184.0,LH185 X W606S
MOValley-TP1-Hybrids_25_15,60.625510183402575,56.0,14957829,88.10480089168102,87.0,21737657,55.82085317661364,50.0,13772400,0.2179594679529231,0.2151898734177215,53776.04973068497,-0.1953631120916503,-0.2033898305084746,-48200.963830812434,0.1953631120916503,0.2033898305084746,48200.963830812434,MOValley-TP1-Hybrids,25,15,Hybrids,28500.0,17.09,159.66,57.0,,,,,5.24,72.67,7.91,4.52,0.2,0.92,5.26,216.0,PHW52 X PHM49
MOValley-TP1-Hybrids_25_16,59.44514598851945,57.0,14612033,91.80335791901776,93.0,22565908,57.55736004263508,54.0,14148002,0.2367639349459535,0.2307692307692307,58198.23255726,-0.2312392446326902,-0.2254901960784313,-56840.22500542769,0.2312392446326902,0.2254901960784313,56840.22500542769,MOValley-TP1-Hybrids,25,16,Hybrids,28500.0,19.25,180.65,57.0,,,,,5.29,70.5,9.64,4.49,0.95,1.1,0.0,230.0,LH195 X PHZ51
MOValley-TP1-Hybrids_25_17,72.78164410857046,72.0,17971098,97.49366186345264,100.0,24072940,64.35487894766683,63.0,15890378,0.1837424413358637,0.1814671814671814,45369.31612976879,-0.1545566282797828,-0.1561461794019933,-38162.81354158742,0.1545566282797828,0.1561461794019933,38162.81354158742,MOValley-TP1-Hybrids,25,17,Hybrids,25000.0,15.75,148.13,50.0,,,,,5.49,69.24,10.57,4.08,1.73,1.48,0.0,170.0,2FACC X 3IIH6
MOValley-TP1-Hybrids_25_18,70.86915358930203,68.0,17531186,96.028778287128,96.0,23755023,64.71283966787132,60.0,16008274,0.1814583304965681,0.1821305841924398,44888.07304825805,-0.1606355049353391,-0.1694915254237288,-39737.04739787457,0.1606355049353391,0.1694915254237288,39737.04739787457,MOValley-TP1-Hybrids,25,18,Hybrids,26000.0,21.86,206.52,52.0,,,,,4.61,68.42,9.56,3.31,1.12,1.15,1.92,203.0,HOEGEMEYER 7089 AMXT
MOValley-TP1-Hybrids_25_19,76.78925558021727,77.0,18993592,103.05398488762752,107.0,25490094,69.6740004932342,68.0,17233655,0.1732139044548476,0.1728155339805825,42843.93962519319,-0.1460305628553349,-0.1515151515151515,-36120.22163057852,0.1460305628553349,0.1515151515151515,36120.22163057852,MOValley-TP1-Hybrids,25,19,Hybrids,19500.0,15.95,150.18,39.0,,,,,4.94,66.64,10.89,3.87,1.43,1.13,0.0,187.0,PHP02 X LH198
MOValley-TP1-Hybrids_25_2,66.36947843408268,63.0,16326228,98.1313955851864,99.0,24139342,60.95662425301842,57.0,14994720,0.220306674525395,0.2181425485961123,54193.23886650192,-0.1981511553185765,-0.2043010752688172,-48743.20269681665,0.1981511553185765,0.2043010752688172,48743.20269681665,MOValley-TP1-Hybrids,25,2,Hybrids,27000.0,15.35,144.05,54.0,,,,,4.92,71.18,7.85,3.22,0.66,0.89,5.56,213.0,PHW52 X PHZ51
MOValley-TP1-Hybrids_25_20,78.55574299723287,79.0,19418037,106.72647539524571,111.0,26381504,66.50976180073467,65.0,16440415,0.2002759278612787,0.1992110453648915,49505.80605617377,-0.15823475441165,-0.1612903225806451,-39113.73247350696,0.15823475441165,0.1612903225806451,39113.73247350696,MOValley-TP1-Hybrids,25,20,Hybrids,31500.0,19.13,179.72,63.0,,,,,5.27,68.33,9.0,4.09,0.85,1.09,0.0,171.0,PHK76 X LH82
MOValley-TP1-Hybrids_25_21,71.28283364180156,70.0,17601086,101.45357384405412,104.0,25050815,61.01725667121607,58.0,15066320,0.2204543974861933,0.2181069958847736,54434.379372893374,-0.1792070642789842,-0.1842105263157894,-44249.6291047025,0.1792070642789842,0.1842105263157894,44249.6291047025,MOValley-TP1-Hybrids,25,21,Hybrids,24500.0,20.03,188.39,49.0,,,,,4.91,68.55,7.82,4.07,1.02,1.12,0.0,196.0,PHK56 X LH82
MOValley-TP1-Hybrids_25_22,59.47709179036656,56.0,14725041,86.43962839543573,86.0,21400291,55.34588306573765,51.0,13702257,0.2094283548309122,0.2097560975609756,51849.2249472631,-0.1929778552273744,-0.198019801980198,-47776.49250791722,0.1929778552273744,0.198019801980198,47776.49250791722,MOValley-TP1-Hybrids,25,22,Hybrids,27000.0,18.64,172.77,54.0,,,,,5.93,72.95,6.73,4.17,1.36,1.21,3.7,206.0,F42 X MO17
MOValley-TP1-Hybrids_25_23,73.7200601647252,73.0,18232519,106.4080041727148,111.0,26316934,65.46484123871406,63.0,16190830,0.2202952207517102,0.2156862745098039,54483.63429153373,-0.1841828195178798,-0.185929648241206,-45552.27910598156,0.1841828195178798,0.185929648241206,45552.27910598156,MOValley-TP1-Hybrids,25,23,Hybrids,30000.0,18.72,175.48,60.0,,,,,5.86,68.93,7.47,4.25,0.96,1.06,0.0,211.0,LH195 X LH185
MOValley-TP1-Hybrids_25_24,81.50165911543482,83.0,20165222,110.37373949664742,115.0,27308781,69.09266796270325,68.0,17094977,0.1990279087926974,0.2,49243.68422139799,-0.1560407878921556,-0.1637630662020905,-38607.76778106504,0.1560407878921556,0.1637630662020905,38607.76778106504,MOValley-TP1-Hybrids,25,24,Hybrids,23000.0,18.02,169.29,46.0,,,,,5.58,68.09,8.32,3.99,1.25,1.21,6.52,160.0,LH185 X LH82
MOValley-TP1-Hybrids_25_25,72.01503522746532,72.0,17846622,98.73688351935697,101.0,24468777,63.12895754142153,61.0,15644492,0.1906488998821467,0.1914893617021276,47246.229070993846,-0.1582211738972582,-0.1627906976744186,-39210.05487287075,0.1582211738972582,0.1627906976744186,39210.05487287075,MOValley-TP1-Hybrids,25,25,Hybrids,29500.0,17.71,166.01,59.0,,,,,5.87,72.36,8.44,3.93,1.42,1.18,0.0,190.0,LH185 X LH145
MOValley-TP1-Hybrids_25_26,74.18874702812234,73.0,18379446,105.0327562475024,109.0,26020710,66.1121099221358,64.0,16378548,0.203003341139334,0.2008830022075055,50291.84473051746,-0.1717757490885397,-0.1758241758241758,-42555.55230344574,0.1717757490885397,0.1758241758241758,42555.55230344574,MOValley-TP1-Hybrids,25,26,Hybrids,31000.0,17.12,160.66,62.0,,,,,5.72,67.36,9.05,3.97,1.3,1.07,0.0,203.0,LH195 X LH185
MOValley-TP1-Hybrids_25_27,73.2016008972771,73.0,18143822,107.44114241449844,113.0,26630469,67.13720593397106,66.0,16640695,0.2220684666720147,0.2160611854684512,55042.11221779224,-0.199825475781525,-0.1970802919708029,-49528.94225268459,0.199825475781525,0.1970802919708029,49528.94225268459,MOValley-TP1-Hybrids,25,27,Hybrids,34000.0,16.91,158.87,68.0,,,,,4.94,69.31,8.25,3.33,0.84,1.02,0.0,240.0,2369 X PHZ51
MOValley-TP1-Hybrids_25_28,75.21832093072005,74.0,18659108,104.89105721864344,108.0,26019905,65.91793313069908,64.0,16351998,0.2013302938095362,0.1989100817438692,49943.20066415642,-0.1655294409319646,-0.1696750902527075,-41062.22629422873,0.1655294409319646,0.1696750902527075,41062.22629422873,MOValley-TP1-Hybrids,25,28,Hybrids,34500.0,18.2,171.18,69.0,,,,,4.94,68.06,8.65,4.18,1.26,1.12,4.35,175.0,PHW52 X LH185
MOValley-TP1-Hybrids_25_29,77.80175517915099,78.0,19273362,108.91672990909238,114.0,26981288,68.32536613327736,68.0,16925833,0.2082552632755717,0.2025316455696202,51589.82683967773,-0.1700074712176651,-0.1726618705035971,-42114.930799924885,0.1700074712176651,0.1726618705035971,42114.930799924885,MOValley-TP1-Hybrids,25,29,Hybrids,27500.0,17.33,163.72,55.0,,,,,4.87,67.33,8.34,4.23,1.39,1.17,5.45,198.0,PHK56 X LH198
MOValley-TP1-Hybrids_25_3,66.34550598335068,64.0,16322056,96.0793322385536,97.0,23637053,60.99256552419355,57.0,15005147,0.2073621927674795,0.2083333333333333,51014.41721588424,-0.1807918662930107,-0.1895424836601307,-44477.69177794132,0.1807918662930107,0.1895424836601307,44477.69177794132,MOValley-TP1-Hybrids,25,3,Hybrids,34500.0,16.9,157.7,69.0,,,,,5.33,71.53,8.98,3.89,1.45,1.11,2.9,211.0,B37 X MO17
MOValley-TP1-Hybrids_25_30,74.59271805943817,74.0,18518239,102.63733696396493,106.0,25480540,64.22754150923636,62.0,15945001,0.1959791463796716,0.1986970684039088,48653.39092192453,-0.1572815649429439,-0.1666666666666666,-39046.406749605376,0.1572815649429439,0.1666666666666666,39046.406749605376,MOValley-TP1-Hybrids,25,30,Hybrids,29500.0,16.66,156.69,59.0,,,,,5.08,67.2,10.15,4.47,0.91,1.13,1.69,178.0,LH82 X PHB47
MOValley-TP1-Hybrids_25_31,72.26209290363344,67.0,17841583,103.66616984135342,105.0,25595281,64.5090582865197,61.0,15927351,0.2143772375579644,0.2121212121212121,52929.95433029898,-0.1856215455312385,-0.1870967741935484,-45830.14521320833,0.1856215455312385,0.1870967741935484,45830.14521320833,MOValley-TP1-Hybrids,25,31,Hybrids,32000.0,13.24,123.55,64.0,,,,,5.25,70.45,10.39,4.39,0.58,0.94,12.5,225.0,WF9 X H95
MOValley-TP1-Hybrids_25_32,65.37366138596336,65.0,16250454,96.10681154406262,99.0,23890039,59.78437753944436,58.0,14861081,0.2140447564661498,0.2131147540983606,53206.8174728426,-0.1862596848846757,-0.1904761904761904,-46300.05994926294,0.1862596848846757,0.1904761904761904,46300.05994926294,MOValley-TP1-Hybrids,25,32,Hybrids,31500.0,16.94,156.12,63.0,,,,,5.09,68.5,8.42,4.14,1.18,1.05,3.17,229.0,B37 X MO17
MOValley-TP1-Hybrids_25_33,66.12407796198428,64.0,16440694,98.46464683028066,101.0,24481659,59.99571659547769,58.0,14916975,0.2250136574879261,0.2244897959183673,55946.04571585303,-0.1963556373835859,-0.2017543859649122,-48820.6875452305,0.1963556373835859,0.2017543859649122,48820.6875452305,MOValley-TP1-Hybrids,25,33,Hybrids,32500.0,14.69,137.85,65.0,,,,,4.88,69.57,9.23,4.81,0.72,0.89,0.0,211.0,B37 X H95
MOValley-TP1-Hybrids_25_34,73.46433867707283,73.0,18279911,101.6511431637242,106.0,25293549,64.49594698324539,64.0,16048333,0.1989976149489543,0.1968503937007874,49515.979534903454,-0.1636198872544071,-0.1666666666666666,-40713.04568585236,0.1636198872544071,0.1666666666666666,40713.04568585236,MOValley-TP1-Hybrids,25,34,Hybrids,31500.0,19.16,180.0,63.0,,,,,4.77,68.21,8.14,4.35,1.06,1.29,0.0,195.0,LH195 X 3IIH6
MOValley-TP1-Hybrids_25_35,68.97451738072094,66.0,17171482,97.088863806165,98.0,24170661,61.25061256296344,58.0,15248585,0.2042515698955254,0.203883495145631,50849.24533177064,-0.1712033674213333,-0.1764705882352941,-42621.76313301062,0.1712033674213333,0.1764705882352941,42621.76313301062,MOValley-TP1-Hybrids,25,35,Hybrids,31500.0,13.07,122.51,63.0,,,,,4.79,67.68,8.35,3.91,1.33,1.25,26.98,196.0,B84 X 3IIH6
MOValley-TP1-Hybrids_25_36,79.02202005914877,81.0,19665736,108.37267744631606,115.0,26970058,70.61533608718014,71.0,17573615,0.1917451786808915,0.1875,47718.47214724139,-0.1583727604674915,-0.1607142857142857,-39413.2786609818,0.1583727604674915,0.1607142857142857,39413.2786609818,MOValley-TP1-Hybrids,25,36,Hybrids,29000.0,17.24,162.15,58.0,,,,,4.57,66.82,8.43,4.69,1.29,1.31,3.45,211.0,4N506 X 3IIH6
MOValley-TP1-Hybrids_25_37,67.50242348426646,64.0,16781710,97.74770824869574,98.0,24300960,60.86569673664268,57.0,15131760,0.2161621428286832,0.2142857142857142,53739.8541664961,-0.1866633056023357,-0.1937984496124031,-46406.17774249109,0.1866633056023357,0.1937984496124031,46406.17774249109,MOValley-TP1-Hybrids,25,37,Hybrids,29000.0,18.53,174.28,58.0,,,,,5.6,68.99,8.63,3.75,1.02,0.99,0.0,202.0,PHG39 X PHM49
MOValley-TP1-Hybrids_25_38,81.01962154153769,84.0,20178990,105.83384525200452,111.0,26359295,68.64255228596781,70.0,17096320,0.1776558668068431,0.1750972762645914,44247.50315451278,-0.1333615095233835,-0.135593220338983,-33215.41764642247,0.1333615095233835,0.135593220338983,33215.41764642247,MOValley-TP1-Hybrids,25,38,Hybrids,25000.0,15.07,143.8,50.0,,,,,5.14,68.65,9.23,4.1,0.56,1.06,4.0,171.0,LH195 X PHM49
MOValley-TP1-Hybrids_25_39,70.88603420538476,70.0,17668982,98.05280852446651,101.0,24440545,61.34543587192439,60.0,15290902,0.2010264188291689,0.1991051454138702,50107.64413093983,-0.1625210923628857,-0.1658767772511848,-40509.84496128055,0.1625210923628857,0.1658767772511848,40509.84496128055,MOValley-TP1-Hybrids,25,39,Hybrids,31500.0,16.12,151.44,63.0,,,,,5.1,70.51,9.13,3.92,1.79,1.37,3.17,190.0,2FACC X 3IIH6
MOValley-TP1-Hybrids_25_4,75.22881452346898,74.0,18514714,104.69877535431024,108.0,25767625,66.17262872188272,64.0,16285878,0.2024223483326839,0.2,49818.56899285352,-0.1684179222032987,-0.1737451737451737,-41449.67166929825,0.1684179222032987,0.1737451737451737,41449.67166929825,MOValley-TP1-Hybrids,25,4,Hybrids,26500.0,13.55,127.16,53.0,,,,,4.52,67.03,11.01,3.98,1.29,1.06,7.55,237.0,LH123HT X 3IIH6
MOValley-TP1-Hybrids_25_40,74.93452925228998,75.0,18684775,101.21767569822096,106.0,25238425,67.05270144536952,67.0,16719457,0.1793006721879919,0.1768953068592057,44708.26400873141,-0.1481976649600806,-0.1501831501831501,-36952.79136246619,0.1481976649600806,0.1501831501831501,36952.79136246619,MOValley-TP1-Hybrids,25,40,Hybrids,31500.0,16.27,154.05,63.0,,,,,5.48,68.65,8.43,4.4,0.58,0.99,6.35,206.0,PHB47 X PHJ89
MOValley-TP1-Hybrids_25_41,69.5286589740404,69.0,17347609,93.3383766928654,96.0,23288205,62.43911295655764,61.0,15578746,0.1740147309788725,0.1752021563342318,43417.19742342163,-0.1444488732212434,-0.15,-36040.42721531991,0.1444488732212434,0.15,36040.42721531991,MOValley-TP1-Hybrids,25,41,Hybrids,28500.0,16.79,157.56,57.0,,,,,5.43,69.7,8.49,3.84,1.55,1.31,3.51,200.0,2369 X 3IIH6
MOValley-TP1-Hybrids_25_42,67.82023822401712,67.0,16927728,92.87063145791016,94.0,23180231,62.057512710489306,60.0,15489369,0.1770493645485221,0.1809523809523809,44190.99024321747,-0.1505856112723874,-0.1592920353982301,-37585.71681675409,0.1505856112723874,0.1592920353982301,37585.71681675409,MOValley-TP1-Hybrids,25,42,Hybrids,28500.0,16.99,159.97,57.0,,,,,5.2,70.51,8.41,4.2,1.4,1.36,0.0,182.0,PHT69 X 3IIH6
MOValley-TP1-Hybrids_25_43,68.55895911852703,65.0,17117321,93.75980582602044,93.0,23409292,60.82334493517521,57.0,15185947,0.1878140845071453,0.1885714285714285,46892.10592115248,-0.1555111626434027,-0.1641791044776119,-38826.93851066629,0.1555111626434027,0.1641791044776119,38826.93851066629,MOValley-TP1-Hybrids,25,43,Hybrids,25500.0,14.54,137.36,51.0,,,,,4.91,65.54,9.68,4.1,1.45,1.24,1.96,207.0,PHK56 X 3IIH6
MOValley-TP1-Hybrids_25_44,64.722915248809,61.0,16167137,90.6785740021618,91.0,22650601,58.004371672204655,54.0,14488912,0.1954307839307264,0.2019704433497537,48816.65551805615,-0.170498491693811,-0.1809523809523809,-42588.818240197055,0.170498491693811,0.1809523809523809,42588.818240197055,MOValley-TP1-Hybrids,25,44,Hybrids,26500.0,18.34,173.07,53.0,,,,,5.6,70.01,9.37,4.08,0.94,0.92,7.55,195.0,LH185 X W606S
MOValley-TP1-Hybrids_25_45,71.6675850579868,70.0,17896256,99.1451071634523,100.0,24757723,65.61118007945153,62.0,16383899,0.1872932491739806,0.1858407079646017,46769.371837733066,-0.1611325423854424,-0.1636363636363636,-40236.7294241536,0.1611325423854424,0.1636363636363636,40236.7294241536,MOValley-TP1-Hybrids,25,45,Hybrids,26500.0,15.26,143.69,53.0,,,,,5.1,66.88,9.77,4.43,1.18,1.23,9.43,210.0,PHP02 X PHJ89
MOValley-TP1-Hybrids_25_5,76.4469965310961,76.0,18798240,105.11417695883269,108.0,25847471,66.34863907539274,64.0,16315064,0.1944076243008787,0.197452229299363,47804.640407961786,-0.1571545192364564,-0.1649831649831649,-38644.13912572539,0.1571545192364564,0.1649831649831649,38644.13912572539,MOValley-TP1-Hybrids,25,5,Hybrids,27500.0,14.51,135.55,55.0,,,,,4.96,66.11,11.36,3.98,1.17,1.23,0.0,163.0,PHP02 X LH82
MOValley-TP1-Hybrids_25_6,76.04456428833082,75.0,18683389,105.78869306850096,109.0,25991224,67.77589645488217,66.0,16651860,0.2020767223570642,0.2009456264775413,49648.22991590711,-0.1728980618410132,-0.1764705882352941,-42479.324813718544,0.1728980618410132,0.1764705882352941,42479.324813718544,MOValley-TP1-Hybrids,25,6,Hybrids,31500.0,16.37,154.31,63.0,,,,,4.98,69.22,11.09,4.35,1.06,0.9,1.59,220.0,PHB47 X PHK56
MOValley-TP1-Hybrids_25_7,69.30757995017568,66.0,17081962,96.34794657275243,96.0,23746493,64.79454772666412,60.0,15969653,0.1877577129014195,0.1891891891891892,46275.89246796125,-0.169730352450816,-0.1788617886178861,-41832.761047142834,0.169730352450816,0.1788617886178861,41832.761047142834,MOValley-TP1-Hybrids,25,7,Hybrids,28000.0,17.86,169.11,56.0,,,,,5.32,68.55,8.77,3.81,1.14,1.18,0.0,200.0,B73 X PHN82
MOValley-TP1-Hybrids_25_8,60.68578786219762,56.0,14964205,90.49928016708236,90.0,22315765,58.28511872173896,53.0,14372236,0.2126858010822409,0.2129032258064516,52445.12825986437,-0.2021429926616337,-0.2100840336134453,-49845.42984546896,0.2021429926616337,0.2100840336134453,49845.42984546896,MOValley-TP1-Hybrids,25,8,Hybrids,33000.0,17.11,159.3,66.0,,,,,5.71,71.81,8.78,3.93,1.83,1.4,10.61,225.0,B73 X MO17
MOValley-TP1-Hybrids_25_9,79.70778060291956,80.0,19624215,107.93961868709434,112.0,26574950,70.40422904769254,70.0,17333662,0.1853467103722891,0.1832797427652733,45632.730787078326,-0.1552526649639262,-0.15625,-38223.51661944857,0.1552526649639262,0.15625,38223.51661944857,MOValley-TP1-Hybrids,25,9,Hybrids,27000.0,13.87,130.89,54.0,,,,,5.64,66.09,11.27,4.04,1.71,1.15,5.56,204.0,PHB47 X LH185
MOValley-TP1-Hybrids_27_10,73.9979394038117,71.0,18170934,110.3299030786773,113.0,27092611,69.17353396318619,66.0,16986253,0.2251951651479634,0.2237762237762237,55298.92475373391,-0.2016194764460311,-0.2067039106145251,-49509.67863608742,0.2016194764460311,0.2067039106145251,49509.67863608742,MOValley-TP1-Hybrids,27,10,Hybrids,31500.0,9.59,89.59,63.0,,,,,5.58,69.77,11.79,4.53,0.81,1.06,0.0,214.0,WF9 X H95
MOValley-TP1-Hybrids_27_11,78.5077324609115,76.0,19341479,107.80476449481256,110.0,26559213,70.99551882580248,68.0,17490740,0.1916149399884406,0.1918367346938775,47207.02307531218,-0.1646240493928176,-0.1715976331360946,-40557.43930461213,0.1646240493928176,0.1715976331360946,40557.43930461213,MOValley-TP1-Hybrids,27,11,Hybrids,31000.0,11.09,104.07,62.0,,,,,5.56,64.9,9.08,4.75,1.95,1.57,48.39,191.0,B73 X 3IIH6
MOValley-TP1-Hybrids_27_12,78.73386165570722,79.0,19433013,107.18440233531454,111.0,26455147,70.83867935612736,70.0,17484332,0.1849925398416729,0.1851851851851851,45659.67369118188,-0.1600127897989283,-0.1647727272727272,-39494.19676538168,0.1600127897989283,0.1647727272727272,39494.19676538168,MOValley-TP1-Hybrids,27,12,Hybrids,26000.0,14.45,136.21,52.0,,,,,5.19,67.37,9.59,4.43,1.06,1.17,9.62,170.0,PHP02 X PHK76
MOValley-TP1-Hybrids_27_13,76.63099230457675,75.0,18920192,105.53275010125556,108.0,26056036,67.74294451194815,64.0,16725733,0.1915932321303558,0.1948051948051948,47304.369012984855,-0.1588255934822816,-0.1707317073170731,-39214.039030775326,0.1588255934822816,0.1707317073170731,39214.039030775326,MOValley-TP1-Hybrids,27,13,Hybrids,22500.0,14.82,138.92,45.0,,,,,5.66,71.83,9.25,3.53,1.55,1.11,0.0,200.0,PHK56 X LH185
MOValley-TP1-Hybrids_27_14,54.23520868059489,49.0,13405425,83.51623161199488,81.0,20642874,49.8158246079653,42.0,12313077,0.2417621560130219,0.2424242424242424,59756.83562605065,-0.2175615066678174,-0.2270916334661354,-53775.112726097774,0.2175615066678174,0.2270916334661354,53775.112726097774,MOValley-TP1-Hybrids,27,14,Hybrids,,,,,,,,,5.25,69.41,7.89,3.72,0.89,1.07,,186.0,PHG39 X PHN82
MOValley-TP1-Hybrids_27_15,78.73676711663394,78.0,19452312,104.67135253283682,107.0,25859581,69.53513185323106,68.0,17179002,0.1759957833772574,0.1779141104294478,43480.63826226834,-0.1435916281794213,-0.1502590673575129,-35475.02969986694,0.1435916281794213,0.1502590673575129,35475.02969986694,MOValley-TP1-Hybrids,27,15,Hybrids,25000.0,12.73,120.8,50.0,,,,,5.9,70.27,10.42,4.22,0.94,1.03,2.0,182.0,PHK76 X LH145
MOValley-TP1-Hybrids_27_16,54.55661407325338,51.0,13492178,85.34917470663873,84.0,21107363,49.764595278723526,44.0,12307083,0.2519177378875713,0.2526096033402922,62300.76808602371,-0.2271665158470259,-0.2337662337662337,-56179.64236806461,0.2271665158470259,0.2337662337662337,56179.64236806461,MOValley-TP1-Hybrids,27,16,Hybrids,,,,,,,,,5.28,69.19,7.57,3.89,0.96,1.11,,195.0,PHK56 X LH145
MOValley-TP1-Hybrids_27_17,80.8688488123309,81.0,19994742,108.23047615966092,113.0,26759877,71.62028562299544,71.0,17708044,0.1782715642812473,0.1785714285714285,44077.46599697411,-0.14462969217173,-0.1506849315068493,-35759.54675976809,0.14462969217173,0.1506849315068493,35759.54675976809,MOValley-TP1-Hybrids,27,17,Hybrids,21500.0,13.02,121.22,43.0,,,,,5.26,67.33,9.59,3.99,1.43,1.2,4.65,195.0,PHP02 X PHB47
MOValley-TP1-Hybrids_27_18,72.07523908843241,70.0,17831270,97.70807363034464,99.0,24172782,64.4449672188134,61.0,15943556,0.182922581133505,0.1815718157181571,45254.68072726689,-0.1524164070327539,-0.1560693641618497,-37707.51426708927,0.1524164070327539,0.1560693641618497,37707.51426708927,MOValley-TP1-Hybrids,27,18,Hybrids,26500.0,16.57,156.54,53.0,,,,,5.4,72.31,8.4,4.05,1.78,1.36,3.77,184.0,2369 X 3IIH6
MOValley-TP1-Hybrids_27_19,73.74527363988328,73.0,18247678,106.17383063505793,110.0,26271865,66.69090938482553,65.0,16502132,0.2131856144903186,0.2088285229202037,52751.07482071343,-0.182935033167096,-0.1857142857142857,-45265.81047693259,0.182935033167096,0.1857142857142857,45265.81047693259,MOValley-TP1-Hybrids,27,19,Hybrids,31500.0,17.08,159.92,63.0,,,,,4.78,69.42,8.13,4.17,1.32,1.35,3.17,177.0,LH195 X 3IIH6
MOValley-TP1-Hybrids_27_2,77.77813649948158,77.0,19128366,107.31433102242462,110.0,26392350,71.90036391729522,70.0,17682816,0.1874433914403032,0.1839464882943143,46098.890473870975,-0.1642640915451937,-0.1672131147540983,-40398.28935416723,0.1642640915451937,0.1672131147540983,40398.28935416723,MOValley-TP1-Hybrids,27,2,Hybrids,27500.0,11.43,107.62,55.0,,,,,4.8,69.12,8.24,3.69,0.92,1.13,1.82,205.0,2369 X PHP02
MOValley-TP1-Hybrids_27_20,67.06961409009548,63.0,16599260,97.12887637226105,98.0,24038717,60.73649355739354,56.0,15031857,0.2143204198813859,0.2112676056338028,53042.80367770384,-0.1869079198839953,-0.1891891891891892,-46258.40181584965,0.1869079198839953,0.1891891891891892,46258.40181584965,MOValley-TP1-Hybrids,27,20,Hybrids,31000.0,14.45,134.23,62.0,,,,,5.33,70.89,9.78,3.96,0.98,0.89,3.23,244.0,2369 X LH123HT
MOValley-TP1-Hybrids_27_21,71.02853588995953,70.0,17587944,102.30156127583616,106.0,25331708,63.78035926305842,62.0,15793165,0.2150992737973016,0.2108108108108108,53262.45197914023,-0.1812679630442351,-0.1844660194174757,-44885.21047308742,0.1812679630442351,0.1844660194174757,44885.21047308742,MOValley-TP1-Hybrids,27,21,Hybrids,32500.0,18.33,171.24,65.0,,,,,4.92,70.26,8.93,4.5,1.83,1.38,4.62,200.0,N209 X 3IIH6
MOValley-TP1-Hybrids_27_22,71.87119976092013,70.0,17796459,101.29118877616956,104.0,25081319,63.1658939648488,61.0,15640886,0.2037346621346926,0.2019230769230769,50447.962099144046,-0.1706524079237847,-0.1721854304635761,-42256.26664045589,0.1706524079237847,0.1721854304635761,42256.26664045589,MOValley-TP1-Hybrids,27,22,Hybrids,32000.0,16.05,150.28,64.0,,,,,5.78,66.62,9.4,4.21,1.43,1.05,0.0,211.0,B37 X OH43
MOValley-TP1-Hybrids_27_23,80.31516265912306,81.0,19873987,111.93799959587795,118.0,27699058,71.13867447969287,70.0,17603265,0.202812486646664,0.1973969631236442,50185.94982071702,-0.1685717116309854,-0.1698113207547169,-41713.07004308735,0.1685717116309854,0.1698113207547169,41713.07004308735,MOValley-TP1-Hybrids,27,23,Hybrids,30000.0,17.79,166.2,60.0,,,,,5.63,69.98,7.52,4.53,0.97,1.26,1.67,192.0,PHW52 X LH185
MOValley-TP1-Hybrids_27_24,67.08456327123154,63.0,16635630,95.07553028470038,95.0,23576830,56.33043793854343,50.0,13968822,0.2197340666560436,0.2243346007604562,54489.653849365706,-0.1786551099198865,-0.1884057971014492,-44302.89415793346,0.1786551099198865,0.1884057971014492,44302.89415793346,MOValley-TP1-Hybrids,27,24,Hybrids,28000.0,17.25,161.33,56.0,,,,,5.72,68.97,8.35,3.95,0.95,1.05,0.0,168.0,LH82 X W606S
MOValley-TP1-Hybrids_27_25,73.0118586475015,72.0,18113439,101.83108078149374,104.0,25263171,65.14014728585306,63.0,16160554,0.1936907066153179,0.195505617977528,48052.53371348762,-0.1632451572877371,-0.1690140845070422,-40499.32782635741,0.1632451572877371,0.1690140845070422,40499.32782635741,MOValley-TP1-Hybrids,27,25,Hybrids,25000.0,15.28,144.2,50.0,,,,,5.68,69.08,7.81,4.13,0.72,1.05,8.0,195.0,PHP02 X W606S
MOValley-TP1-Hybrids_27_26,74.60443666883005,74.0,18507048,107.76370284074189,112.0,26732834,67.38069649976418,66.0,16715062,0.2110857195166477,0.2097902097902098,52363.8233547753,-0.1819889807006439,-0.1855203619909502,-45145.824453428046,0.1819889807006439,0.1855203619909502,45145.824453428046,MOValley-TP1-Hybrids,27,26,Hybrids,32500.0,15.09,141.61,65.0,,,,,5.32,69.8,6.74,3.85,0.78,1.03,0.0,223.0,B73 X PHZ51
MOValley-TP1-Hybrids_27_27,74.39808355691837,75.0,18439937,103.93543805854227,108.0,25760918,66.99445643622279,66.0,16604911,0.1996020839487043,0.1972789115646258,49472.37451710612,-0.1690095161376511,-0.1715210355987055,-41889.85362229752,0.1690095161376511,0.1715210355987055,41889.85362229752,MOValley-TP1-Hybrids,27,27,Hybrids,31500.0,16.4,154.59,63.0,,,,,5.38,68.44,8.0,3.48,1.22,0.99,0.0,187.0,LH74 X PHN82
MOValley-TP1-Hybrids_27_29,78.60276291185762,79.0,19504804,108.24366496872784,114.0,26860016,68.57819653104649,69.0,17017268,0.1972111644593607,0.1935483870967742,48936.76719360362,-0.1590121266610104,-0.1596638655462184,-39457.90515816976,0.1590121266610104,0.1596638655462184,39457.90515816976,MOValley-TP1-Hybrids,27,29,Hybrids,34000.0,17.27,162.79,68.0,,,,,5.23,68.46,8.37,3.78,1.6,1.03,0.0,205.0,PHB47 X LH185
MOValley-TP1-Hybrids_27_3,67.26526008600437,65.0,16549541,101.36228732614192,103.0,24938569,63.924429143939456,60.0,15727583,0.2196873452546143,0.218436873747495,54050.556302373785,-0.2021203686192839,-0.2077922077922078,-49728.48277287692,0.2021203686192839,0.2077922077922078,49728.48277287692,MOValley-TP1-Hybrids,27,3,Hybrids,27500.0,11.61,109.44,55.0,,,,,5.24,68.94,9.25,3.89,1.11,1.17,3.64,223.0,B73 X PHZ51
MOValley-TP1-Hybrids_27_30,79.92893417382753,81.0,19831008,111.25411111290244,117.0,27603035,70.47064584777597,70.0,17484331,0.1967660112115948,0.1973392461197339,48819.22150968636,-0.160573776781244,-0.1683848797250859,-39839.6386096409,0.160573776781244,0.1683848797250859,39839.6386096409,MOValley-TP1-Hybrids,27,30,Hybrids,29500.0,16.01,150.58,59.0,,,,,5.43,69.06,8.08,4.3,0.32,1.13,3.39,184.0,LH82 X PHJ89
MOValley-TP1-Hybrids_27_32,65.22433336149975,63.0,16209747,102.16719579274351,104.0,25390898,60.96634919102055,57.0,15151540,0.2440895829659778,0.240506329113924,60661.8754274537,-0.2202172160510359,-0.2252252252252252,-54729.043184651615,0.2202172160510359,0.2252252252252252,54729.043184651615,MOValley-TP1-Hybrids,27,32,Hybrids,30000.0,15.47,145.99,60.0,,,,,4.68,71.2,9.38,4.41,0.48,1.01,0.0,228.0,LH195 X PHZ51
MOValley-TP1-Hybrids_27_33,69.8909400087637,67.0,17385581,101.16508343617969,103.0,25165118,62.358267035975445,59.0,15511806,0.2155096947106959,0.2170385395537525,53608.68308836974,-0.1843579875476756,-0.1916666666666666,-45859.60247644696,0.1843579875476756,0.1916666666666666,45859.60247644696,MOValley-TP1-Hybrids,27,33,Hybrids,34000.0,10.02,94.56,68.0,,,,,4.85,69.36,10.16,4.16,1.15,0.94,16.18,210.0,LH123HT X 3IIH6
MOValley-TP1-Hybrids_27_34,62.6777968908252,60.0,15594988,95.14130347410897,95.0,23672298,58.66544218124528,54.0,14596666,0.2258873821762855,0.2225201072386059,56203.49133404596,-0.2015774161103943,-0.2093023255813953,-50154.88005725944,0.2015774161103943,0.2093023255813953,50154.88005725944,MOValley-TP1-Hybrids,27,34,Hybrids,32500.0,16.69,153.81,65.0,,,,,4.68,68.76,7.8,3.65,0.87,1.04,0.0,202.0,LH145 X LH162
MOValley-TP1-Hybrids_27_35,72.19340176188793,71.0,17963451,99.74834823007428,101.0,24819783,63.37341655145806,61.0,15768827,0.1968037507711889,0.1977401129943503,48969.49648189032,-0.161699617989318,-0.1688311688311688,-40234.74574657407,0.161699617989318,0.1688311688311688,40234.74574657407,MOValley-TP1-Hybrids,27,35,Hybrids,30500.0,11.95,112.77,61.0,,,,,5.31,69.47,9.77,4.33,1.37,1.33,32.79,188.0,B105 X 3IIH6
MOValley-TP1-Hybrids_27_37,76.55713941438728,76.0,19060431,103.03884403743425,106.0,25653581,68.02767000040166,67.0,16936849,0.178856888597502,0.1788756388415673,44529.99955412009,-0.1460297870570423,-0.1512195121951219,-36357.03608359183,0.1460297870570423,0.1512195121951219,36357.03608359183,MOValley-TP1-Hybrids,27,37,Hybrids,25500.0,15.83,149.89,51.0,,,,,5.24,66.59,9.28,4.05,1.64,1.23,1.96,201.0,PHP02 X PHB47
MOValley-TP1-Hybrids_27_38,63.89123626903064,61.0,15913518,94.59613284512108,94.0,23561248,58.12180413695639,54.0,14476514,0.2210983699346383,0.219047619047619,55069.41319636025,-0.1935303264357673,-0.2,-48202.98546600945,0.1935303264357673,0.2,48202.98546600945,MOValley-TP1-Hybrids,27,38,Hybrids,35000.0,15.59,144.82,70.0,,,,,5.61,72.35,6.75,3.96,1.62,1.24,2.86,221.0,B73 X MO17
MOValley-TP1-Hybrids_27_39,72.2956966596449,71.0,18017895,100.87287792155682,104.0,25140043,63.98014645400743,62.0,15945452,0.2009190493581365,0.2,50074.05007628158,-0.1678153593618701,-0.1711711711711711,-41823.782936962096,0.1678153593618701,0.1711711711711711,41823.782936962096,MOValley-TP1-Hybrids,27,39,Hybrids,32500.0,15.51,144.08,65.0,,,,,5.27,71.85,7.45,4.36,1.62,1.39,30.77,212.0,B73 X 3IIH6
MOValley-TP1-Hybrids_27_4,55.40640048072628,51.0,13646264,85.3346285333788,84.0,21017407,49.114765280518405,42.0,12096672,0.2473391295459874,0.2494758909853249,60918.14357239944,-0.2129795959950065,-0.2217898832684824,-52455.59661599415,0.2129795959950065,0.2217898832684824,52455.59661599415,MOValley-TP1-Hybrids,27,4,Hybrids,,,,,,,,,,,,,,,,,
MOValley-TP1-Hybrids_27_40,67.59036623085903,67.0,16848183,98.4153344378964,101.0,24531892,61.18353264946704,59.0,15251158,0.2137584052264144,0.2146596858638743,53283.34391238311,-0.1819224551984514,-0.1909385113268608,-45347.6284848628,0.1819224551984514,0.1909385113268608,45347.6284848628,MOValley-TP1-Hybrids,27,40,Hybrids,32500.0,19.09,179.75,65.0,,,,,5.58,70.16,6.96,3.88,0.77,0.94,1.54,185.0,PHG39 X PHN82
MOValley-TP1-Hybrids_27_42,71.10531319955389,69.0,17724137,101.94383509985316,104.0,25411132,62.0895830157342,60.0,15476822,0.2134748381064767,0.2117263843648208,53212.01899544904,-0.1778293999462514,-0.1794871794871795,-44326.8232070023,0.1778293999462514,0.1794871794871795,44326.8232070023,MOValley-TP1-Hybrids,27,42,Hybrids,36500.0,15.12,142.69,73.0,,,,,,,,,,,0.0,231.0,B37 X OH43
MOValley-TP1-Hybrids_27_43,69.79828253982241,68.0,17426607,100.41594338149004,102.0,25070949,63.72319572557485,61.0,15909834,0.2039347417476327,0.2051948051948052,50916.59090687321,-0.1772895277682653,-0.1868131868131868,-44264.05368743058,0.1772895277682653,0.1868131868131868,44264.05368743058,MOValley-TP1-Hybrids,27,43,Hybrids,27000.0,14.51,137.69,54.0,,,,,5.44,68.46,11.56,5.03,1.11,1.11,0.0,204.0,LH198 X PHB47
MOValley-TP1-Hybrids_27_44,68.91071027197123,67.0,17168690,102.64145634653052,105.0,25572503,62.79605368782712,59.0,15645260,0.2242048602008425,0.2238193018480492,55859.29568987872,-0.1990710166457709,-0.2,-49597.349371193945,0.1990710166457709,0.2,49597.349371193945,MOValley-TP1-Hybrids,27,44,Hybrids,31000.0,13.66,128.62,62.0,,,,,5.35,69.72,9.37,3.64,1.74,0.79,4.84,222.0,LH123HT X PHB47
MOValley-TP1-Hybrids_27_45,77.32539552241795,78.0,19310703,107.93705277236089,112.0,26955444,70.89384662819892,71.0,17704533,0.1903674813281367,0.188470066518847,47541.04221451957,-0.1644425838109903,-0.1686046511627907,-41066.73978287005,0.1644425838109903,0.1686046511627907,41066.73978287005,MOValley-TP1-Hybrids,27,45,Hybrids,25000.0,15.46,145.73,50.0,,,,,5.24,67.18,9.01,4.15,1.48,1.24,6.0,192.0,PHP02 X LH198
MOValley-TP1-Hybrids_27_5,67.94394500479137,66.0,16732963,98.16359287953352,99.0,24175337,63.36084311910214,60.0,15604255,0.2057929529826466,0.2043010752688172,50681.865288754285,-0.1843028301088298,-0.188235294117647,-45389.363787882176,0.1843028301088298,0.188235294117647,45389.363787882176,MOValley-TP1-Hybrids,27,5,Hybrids,28500.0,14.24,133.78,57.0,,,,,5.02,72.09,8.23,4.32,0.2,0.88,0.0,195.0,2369 X PHN82
MOValley-TP1-Hybrids_27_6,80.06947678080216,80.0,19705979,109.73544457582148,114.0,27007100,71.02894628846333,70.0,17481005,0.1928466239803127,0.1910112359550561,47461.67547441876,-0.1589491459658003,-0.1649831649831649,-39119.133262789095,0.1589491459658003,0.1649831649831649,39119.133262789095,MOValley-TP1-Hybrids,27,6,Hybrids,24500.0,12.23,114.77,49.0,,,,,4.24,67.31,9.25,3.81,1.21,1.11,0.0,185.0,PHP02 X PHK56
MOValley-TP1-Hybrids_27_7,77.67555551949896,77.0,19149044,103.8212561758192,105.0,25594639,69.56083334009395,67.0,17148554,0.1746709679757326,0.1743929359823399,43060.93505118547,-0.1424902530395665,-0.1501597444089457,-35127.55212083219,0.1424902530395665,0.1501597444089457,35127.55212083219,MOValley-TP1-Hybrids,27,7,Hybrids,25000.0,12.9,121.06,50.0,,,,,5.37,71.58,10.04,3.92,1.43,1.41,2.0,200.0,PHT69 X 3IIH6
MOValley-TP1-Hybrids_27_8,72.82448868572543,72.0,17938565,103.16601982738322,107.0,25412473,64.24563789449753,62.0,15825371,0.2034754782578907,0.2043956043956044,50121.30065735318,-0.1708962853385785,-0.1764705882352941,-42096.1983823107,0.1708962853385785,0.1764705882352941,42096.1983823107,MOValley-TP1-Hybrids,27,8,Hybrids,25000.0,12.32,116.26,50.0,,,,,5.68,66.34,11.08,4.51,1.13,1.24,8.0,178.0,LH82 X PHB47
MOValley-TP1-Hybrids_27_9,70.82073971936086,69.0,17462978,104.73114607835186,108.0,25824606,65.490863005921,63.0,16148737,0.2173972009155466,0.215311004784689,53605.801801755486,-0.1939564567263692,-0.1970802919708029,-47825.78309958812,0.1939564567263692,0.1970802919708029,47825.78309958812,MOValley-TP1-Hybrids,27,9,Hybrids,31000.0,11.43,107.62,62.0,,,,,5.05,69.21,10.62,4.25,0.41,0.99,3.23,231.0,2369 X PHZ51
MOValley-TP1-Hybrids_29_10,74.75209051461941,75.0,18433118,104.74553307108968,108.0,25829201,67.02973356583803,65.0,16528862,0.2001690727328181,0.1979695431472081,49359.691645185616,-0.1673692599543619,-0.1737089201877934,-41271.58581214611,0.1673692599543619,0.1737089201877934,41271.58581214611,MOValley-TP1-Hybrids,29,10,Hybrids,29000.0,12.96,121.76,58.0,,,,,5.21,67.03,9.62,4.01,1.35,1.16,3.45,209.0,PHB47 X 3IIH6
MOValley-TP1-Hybrids_29_11,71.73641909008005,71.0,17699168,103.9059114398622,107.0,25636186,68.26185429121492,65.0,16841906,0.2036449591436755,0.2010178117048346,50244.30254472334,-0.1858227689435079,-0.1888111888111888,-45847.12266758699,0.1858227689435079,0.1888111888111888,45847.12266758699,MOValley-TP1-Hybrids,29,11,Hybrids,31000.0,14.42,135.17,62.0,,,,,5.14,69.28,8.53,4.28,1.42,1.38,3.23,206.0,4N506 X 3IIH6
MOValley-TP1-Hybrids_29_12,72.00483605725307,70.0,17732991,106.02106182113492,110.0,26110337,66.24529083341793,64.0,16314559,0.218000879135748,0.217391304347826,53688.16650915634,-0.1964165553692756,-0.1981981981981982,-48372.48717356837,0.1964165553692756,0.1981981981981982,48372.48717356837,MOValley-TP1-Hybrids,29,12,Hybrids,33000.0,14.44,136.27,66.0,,,,,5.37,69.03,11.03,4.26,1.43,0.91,4.55,219.0,LH123HT X PHB47
MOValley-TP1-Hybrids_29_13,79.0226327364631,78.0,19510609,105.25188437377228,109.0,25986585,70.35975034325777,69.0,17371752,0.1768275775467421,0.1764705882352941,43658.55206871308,-0.1474520965001248,-0.152,-36405.77517378432,0.1474520965001248,0.152,36405.77517378432,MOValley-TP1-Hybrids,29,13,Hybrids,24500.0,17.45,163.57,49.0,,,,,5.01,66.62,9.77,3.91,1.52,1.22,2.04,171.0,PHP02 X LH185
MOValley-TP1-Hybrids_29_14,74.938374046265,75.0,18513900,104.59116795855174,109.0,25839771,66.88424844670214,66.0,16524088,0.1992337166743097,0.1984435797665369,49221.6858729716,-0.1686511005952951,-0.1741935483870967,-41666.09765757064,0.1686511005952951,0.1741935483870967,41666.09765757064,MOValley-TP1-Hybrids,29,14,Hybrids,25500.0,18.4,172.67,51.0,,,,,5.32,68.71,9.02,4.08,0.96,1.03,3.92,193.0,PHP02 X W606S
MOValley-TP1-Hybrids_29_15,74.08743268958257,73.0,18298855,105.0223045467428,108.0,25939459,63.909834406251264,62.0,15785090,0.2154414253649297,0.217391304347826,53211.877650884,-0.1740631604165058,-0.1830985915492957,-42991.85999127277,0.1740631604165058,0.1830985915492957,42991.85999127277,MOValley-TP1-Hybrids,29,15,Hybrids,32500.0,17.47,164.49,65.0,,,,,5.29,68.57,9.34,4.19,0.6,1.08,0.0,176.0,PHJ40 X LH82
MOValley-TP1-Hybrids_29_16,72.83791465740279,72.0,17989581,104.81540685315876,108.0,25887414,66.1428530939627,64.0,16336028,0.2149967338171256,0.21,53100.10831488751,-0.1862621653423411,-0.1888111888111888,-46003.21585841676,0.1862621653423411,0.1888111888111888,46003.21585841676,MOValley-TP1-Hybrids,29,16,Hybrids,24000.0,17.87,167.88,48.0,,,,,5.38,71.46,7.79,3.75,1.28,1.13,4.17,212.0,PHK56 X LH198
MOValley-TP1-Hybrids_29_17,56.41915545566263,51.0,13956745,85.94024885195007,84.0,21259555,50.26872453269517,43.0,12435276,0.2517141113211966,0.2473118279569892,62268.03000219234,-0.2212324354008738,-0.2258064516129032,-54727.59493972656,0.2212324354008738,0.2258064516129032,54727.59493972656,MOValley-TP1-Hybrids,29,17,Hybrids,,,,,,,,,,,,,,,,,
MOValley-TP1-Hybrids_29_18,83.14276704641931,84.0,20565696,107.60096460942616,110.0,26615529,70.5062663227601,70.0,17440007,0.175354151327878,0.1740890688259109,43374.55074755595,-0.1316802776059017,-0.136094674556213,-32571.643386930216,0.1316802776059017,0.136094674556213,32571.643386930216,MOValley-TP1-Hybrids,29,18,Hybrids,27000.0,12.36,116.64,54.0,,,,,4.81,71.76,8.01,4.34,0.41,0.94,3.7,184.0,LH195 X PHM49
MOValley-TP1-Hybrids_29_19,73.35316538068234,73.0,18148380,106.68009910634532,110.0,26393830,67.60594718909022,66.0,16726455,0.2132675762420423,0.2086811352253756,52764.744305619926,-0.1875582025974997,-0.1891891891891892,-46403.96246285,0.1875582025974997,0.1891891891891892,46403.96246285,MOValley-TP1-Hybrids,29,19,Hybrids,32500.0,15.53,144.92,65.0,,,,,4.68,70.08,8.95,3.37,1.22,0.99,1.54,204.0,LH198 X PHZ51
MOValley-TP1-Hybrids_29_2,68.69867763690097,63.0,16899806,97.1049679063736,96.0,23887725,62.05710592319481,56.0,15265986,0.2143148724459108,0.2073732718894009,52721.24430682161,-0.1873272294188639,-0.1923076923076923,-46082.311109811104,0.1873272294188639,0.1923076923076923,46082.311109811104,MOValley-TP1-Hybrids,29,2,Hybrids,28500.0,13.81,129.74,57.0,,,,,4.55,70.32,7.43,3.15,0.82,0.81,1.75,202.0,PHG39 X PHM49
MOValley-TP1-Hybrids_29_20,55.4540157245022,52.0,13732577,84.70391174249613,83.0,20975992,49.75637116932309,44.0,12321618,0.2423673903389775,0.2387096774193548,60019.61817615405,-0.2130355061803258,-0.2164948453608247,-52755.8997149897,0.2130355061803258,0.2164948453608247,52755.8997149897,MOValley-TP1-Hybrids,29,20,Hybrids,,,,,,,,,,,,,,,,,
MOValley-TP1-Hybrids_29_21,66.80340844842904,65.0,16541860,100.77708585736208,103.0,24954422,61.296510782650834,58.0,15178242,0.2328040791640073,0.2307692307692307,57646.9460825915,-0.2079681001498236,-0.2131147540983606,-51497.06095909932,0.2079681001498236,0.2131147540983606,51497.06095909932,MOValley-TP1-Hybrids,29,21,Hybrids,33500.0,14.26,133.97,67.0,,,,,5.1,70.58,8.38,4.69,0.99,0.92,1.49,207.0,B37 X H95
MOValley-TP1-Hybrids_29_22,76.2996632996633,76.0,18876613,105.04756245932715,108.0,25988872,64.00157638813101,62.0,15834054,0.2051362067756985,0.2074198988195615,50750.9026925146,-0.1581551130907618,-0.1675126903553299,-39127.73313376757,0.1581551130907618,0.1675126903553299,39127.73313376757,MOValley-TP1-Hybrids,29,22,Hybrids,24000.0,18.19,171.47,48.0,,,,,5.66,68.62,7.8,3.94,1.19,1.14,2.08,174.0,LH185 X LH82
MOValley-TP1-Hybrids_29_23,81.80866145869116,83.0,20242817,112.07605045243108,118.0,27732210,71.3564930629928,72.0,17656522,0.1957597384588092,0.1910112359550561,48438.98544398622,-0.1596341221707137,-0.1612903225806451,-39500.026824043576,0.1596341221707137,0.1612903225806451,39500.026824043576,MOValley-TP1-Hybrids,29,23,Hybrids,33000.0,15.7,148.65,66.0,,,,,5.5,68.72,8.15,3.52,1.16,1.08,6.06,224.0,PHZ51 X LH145
MOValley-TP1-Hybrids_29_24,59.7837769164687,56.0,14822969,89.57858056085472,88.0,22210382,55.36095796211226,49.0,13726362,0.2281705074189208,0.227373068432671,56573.280120969495,-0.2069478341797327,-0.2142857142857142,-51311.26685002548,0.2069478341797327,0.2142857142857142,51311.26685002548,MOValley-TP1-Hybrids,29,24,Hybrids,28500.0,21.65,203.85,57.0,,,,,4.57,69.29,6.95,3.94,1.3,1.18,8.77,218.0,PIONEER 1311 AMXT
MOValley-TP1-Hybrids_29_25,69.05421694032468,67.0,17129520,94.99075220008145,97.0,23563311,58.14527995355944,55.0,14423460,0.2103992838388116,0.2127659574468085,52191.43594977178,-0.1693130935086574,-0.1753554502369668,-41999.636662664045,0.1693130935086574,0.1753554502369668,41999.636662664045,MOValley-TP1-Hybrids,29,25,Hybrids,26500.0,16.79,157.91,53.0,,,,,5.58,72.29,6.54,3.99,0.42,0.8,1.89,206.0,PHK76 X W606S
MOValley-TP1-Hybrids_29_26,69.26447454973224,68.0,17163529,99.449622069678,102.0,24643318,62.784174142544096,60.0,15557730,0.2146282186097619,0.2106537530266344,53184.22868684317,-0.1837707845942447,-0.1885714285714285,-45537.84911010008,0.1837707845942447,0.1885714285714285,45537.84911010008,MOValley-TP1-Hybrids,29,26,Hybrids,29000.0,19.85,184.4,58.0,,,,,5.21,70.97,7.55,3.91,0.43,0.97,1.72,193.0,PHW52 X PHN82
MOValley-TP1-Hybrids_29_27,66.35606048393596,63.0,16465062,100.2826479454484,102.0,24883334,61.56515886705464,57.0,15276286,0.231336593524961,0.2279909706546275,57402.01162453564,-0.2075991844892218,-0.2093023255813953,-51512.000845679606,0.2075991844892218,0.2093023255813953,51512.000845679606,MOValley-TP1-Hybrids,29,27,Hybrids,33000.0,15.76,145.57,66.0,,,,,5.17,70.95,8.73,4.01,1.01,0.84,1.52,237.0,2369 X LH123HT
MOValley-TP1-Hybrids_29_28,69.41972900428016,69.0,17224562,98.75088061518125,101.0,24502266,63.52430256083701,61.0,15761777,0.2078222222702823,0.2032520325203252,51565.26543414699,-0.1800656264961796,-0.1818181818181818,-44678.24337748508,0.1800656264961796,0.1818181818181818,44678.24337748508,MOValley-TP1-Hybrids,29,28,Hybrids,31500.0,19.58,180.65,63.0,,,,,5.32,69.82,7.63,3.85,0.68,1.06,3.17,200.0,B73 X PHN82
MOValley-TP1-Hybrids_29_29,68.38261930552927,66.0,16981661,97.8239339918577,99.0,24292911,61.86454881147491,58.0,15363009,0.2123147301942941,0.2073490813648294,52724.75389333965,-0.180387656263216,-0.1834319526627219,-44796.20784281322,0.180387656263216,0.1834319526627219,44796.20784281322,MOValley-TP1-Hybrids,29,29,Hybrids,30500.0,16.62,154.74,61.0,,,,,5.17,73.3,6.31,4.27,0.32,0.82,6.56,201.0,2369 X PHN82
MOValley-TP1-Hybrids_29_3,79.54816518421299,78.0,19576883,105.07186886684735,107.0,25858292,68.70824173814816,66.0,16909167,0.1830005104713997,0.1830985915492957,45036.608627521935,-0.1464712482485865,-0.1522388059701492,-36046.72066522539,0.1464712482485865,0.1522388059701492,36046.72066522539,MOValley-TP1-Hybrids,29,3,Hybrids,25500.0,9.61,90.49,51.0,,,,,4.86,67.53,9.47,4.25,0.73,1.09,3.92,260.0,PHK76 X 3IIH6
MOValley-TP1-Hybrids_29_30,76.9390518277194,78.0,19081962,106.39338908287436,111.0,26387050,68.258630561178,67.0,16929096,0.1974228178799126,0.193717277486911,48963.62275366865,-0.1652681505383788,-0.1678321678321678,-40988.81508762548,0.1652681505383788,0.1678321678321678,40988.81508762548,MOValley-TP1-Hybrids,29,30,Hybrids,33000.0,13.92,131.21,66.0,,,,,4.88,68.02,8.15,4.31,0.9,1.02,4.55,207.0,PHB47 X 3IIH6
MOValley-TP1-Hybrids_29_31,73.8931544511588,73.0,18329862,101.8304596890256,104.0,25259962,66.79430699954446,65.0,16568929,0.1884142817978399,0.1865008880994671,46737.85832849039,-0.1585717696937217,-0.1645569620253164,-39335.15461845493,0.1585717696937217,0.1645569620253164,39335.15461845493,MOValley-TP1-Hybrids,29,31,Hybrids,32500.0,16.9,160.02,65.0,,,,,5.08,69.42,7.8,3.8,1.0,0.88,3.08,186.0,LH74 X PHM49
MOValley-TP1-Hybrids_29_32,75.15405218175813,76.0,18659699,105.90516178922694,111.0,26294769,66.99274626841625,67.0,16633361,0.205626434975577,0.2012383900928792,51054.16503434612,-0.1746626195357132,-0.1760299625468165,-43366.2831540441,0.1746626195357132,0.1760299625468165,43366.2831540441,MOValley-TP1-Hybrids,29,32,Hybrids,32500.0,17.56,165.9,65.0,,,,,5.36,68.44,8.71,3.85,0.93,0.89,1.54,214.0,PHB47 X PHK56
MOValley-TP1-Hybrids_29_33,74.08157794102848,73.0,18403716,101.65172184764012,103.0,25252829,64.35250478011473,62.0,15986771,0.1972321999262026,0.1929824561403508,48997.40926666689,-0.1602349099483896,-0.1608391608391608,-39806.3575039287,0.1602349099483896,0.1608391608391608,39806.3575039287,MOValley-TP1-Hybrids,29,33,Hybrids,32000.0,13.55,128.01,64.0,,,,,5.32,70.34,8.28,3.3,1.06,0.93,3.12,217.0,PHZ51 X LH145
MOValley-TP1-Hybrids_29_34,74.86987657102397,75.0,18609956,107.22288424711545,113.0,26651749,66.52406623646223,66.0,16535488,0.2153503668189886,0.2114695340501792,53528.34857799508,-0.183911624725307,-0.1830985915492957,-45713.80908822122,0.183911624725307,0.1830985915492957,45713.80908822122,MOValley-TP1-Hybrids,29,34,Hybrids,34500.0,17.78,167.23,69.0,,,,,5.45,69.59,7.8,4.19,0.54,0.99,4.35,227.0,F42 X OH43
MOValley-TP1-Hybrids_29_35,61.0182190881596,57.0,15151495,94.36967351426236,94.0,23433028,57.43911063142591,51.0,14262763,0.2418172376261031,0.2376068376068376,60045.88009217529,-0.2220280637644735,-0.2241379310344827,-55132.0105414202,0.2220280637644735,0.2241379310344827,55132.0105414202,MOValley-TP1-Hybrids,29,35,Hybrids,27500.0,13.65,127.23,55.0,,,,,5.36,71.42,8.81,4.72,0.9,1.04,3.64,226.0,LH195 X LH123HT
MOValley-TP1-Hybrids_29_36,71.39833823074233,71.0,17761836,105.50635323249092,109.0,26246921,65.80418135554385,64.0,16370172,0.2222417802207848,0.217391304347826,55287.30990730487,-0.195900830433243,-0.1972318339100346,-48734.4454877083,0.195900830433243,0.1972318339100346,48734.4454877083,MOValley-TP1-Hybrids,29,36,Hybrids,30500.0,15.18,142.93,61.0,,,,,5.19,70.04,7.01,3.97,0.66,1.07,3.28,237.0,LH198 X PHZ51
MOValley-TP1-Hybrids_29_37,63.98363759133769,61.0,15919257,95.6744881472014,96.0,23804004,59.43057933617897,55.0,14786447,0.2275626395907757,0.222707423580786,56618.03985546419,-0.2018644654795753,-0.2087912087912088,-50224.282740249306,0.2018644654795753,0.2087912087912088,50224.282740249306,MOValley-TP1-Hybrids,29,37,Hybrids,29500.0,17.89,167.51,59.0,,,,,5.21,70.23,7.47,4.17,0.54,1.0,3.39,203.0,PHW52 X PHM49
MOValley-TP1-Hybrids_29_38,68.31215110161527,67.0,17009589,100.52579940401128,103.0,25030723,63.32797853798022,61.0,15768540,0.2214700743723451,0.2149532710280373,55145.6055785652,-0.198877007539253,-0.2,-49519.97712325893,0.198877007539253,0.2,49519.97712325893,MOValley-TP1-Hybrids,29,38,Hybrids,30500.0,17.8,166.1,61.0,,,,,5.44,71.81,7.97,3.85,1.68,1.26,1.64,225.0,B73 X PHM49
MOValley-TP1-Hybrids_29_39,68.65146862242133,68.0,17101836,100.05658923130652,103.0,24925197,61.20171730674278,59.0,15246021,0.2232837909424192,0.2182741116751269,55622.44844545699,-0.1914350578247232,-0.192,-47688.57868977462,0.1914350578247232,0.192,47688.57868977462,MOValley-TP1-Hybrids,29,39,Hybrids,30000.0,17.23,162.23,60.0,,,,,5.36,70.47,6.6,3.93,0.51,0.99,5.0,221.0,PHW52 X PHZ51
MOValley-TP1-Hybrids_29_4,68.38274484625106,67.0,16827831,98.70136905027978,100.0,24288729,62.35289312955385,59.0,15343987,0.2091801601487564,0.2062084257206208,51475.68134988644,-0.1818936410777883,-0.1875,-44760.932877345374,0.1818936410777883,0.1875,44760.932877345374,MOValley-TP1-Hybrids,29,4,Hybrids,26500.0,11.86,111.3,53.0,,,,,5.11,71.68,9.0,4.65,0.43,0.94,3.77,220.0,PHK76 X LH198
MOValley-TP1-Hybrids_29_40,66.101390668107,65.0,16460370,97.48193898408542,100.0,24274660,60.38730287490412,57.0,15037465,0.2208174161063489,0.217391304347826,54987.29050655468,-0.191801348073622,-0.1977401129943503,-47761.79629324914,0.191801348073622,0.1977401129943503,47761.79629324914,MOValley-TP1-Hybrids,29,40,Hybrids,32000.0,17.11,158.58,64.0,,,,,5.93,71.71,6.38,4.25,1.71,1.2,3.12,213.0,B14A X MO17
MOValley-TP1-Hybrids_29_41,61.9172279148827,59.0,15444881,89.75471448501467,91.0,22388775,56.36520020525649,53.0,14059961,0.2099481860864028,0.2100840336134453,52370.31533013668,-0.1863434821588531,-0.1911764705882352,-46482.26356363295,0.1863434821588531,0.1911764705882352,46482.26356363295,MOValley-TP1-Hybrids,29,41,Hybrids,30500.0,19.5,180.74,61.0,,,,,5.73,72.81,6.44,4.21,1.29,1.25,4.92,203.0,F42 X MO17
MOValley-TP1-Hybrids_29_42,72.11762248995984,73.0,17957288,103.91590361445785,109.0,25875060,63.693369477911645,63.0,15859649,0.222037316383997,0.2170542635658914,55287.29177961526,-0.184887590017905,-0.1875,-46037.00991445835,0.184887590017905,0.1875,46037.00991445835,MOValley-TP1-Hybrids,29,42,Hybrids,31500.0,21.12,198.86,63.0,,,,,4.59,70.22,7.69,4.34,1.95,1.43,0.0,208.0,N209 X 3IIH6
MOValley-TP1-Hybrids_29_43,74.78093355096672,76.0,18646551,104.2837308350946,109.0,26003044,69.04231017569752,69.0,17215631,0.1957077823379974,0.1891891891891892,48799.53981819733,-0.1710360888442959,-0.1701244813278008,-42647.67771723636,0.1710360888442959,0.1701244813278008,42647.67771723636,MOValley-TP1-Hybrids,29,43,Hybrids,30500.0,18.37,173.36,61.0,,,,,5.47,68.53,8.06,3.71,1.32,1.14,1.64,213.0,2369 X PHP02
MOValley-TP1-Hybrids_29_44,73.60561171908522,73.0,18355105,105.71516736108047,110.0,26362297,63.45389800738658,61.0,15823562,0.2237794806731226,0.2235294117647059,55804.11287493727,-0.187634803620751,-0.1917808219178082,-46790.6786137103,0.187634803620751,0.1917808219178082,46790.6786137103,MOValley-TP1-Hybrids,29,44,Hybrids,22500.0,18.29,172.02,45.0,,,,,4.93,68.5,7.28,4.1,1.05,1.19,4.44,166.0,PHK56 X LH82
MOValley-TP1-Hybrids_29_45,71.7486203432834,72.0,17928617,104.24866636518983,109.0,26049761,60.73375326655488,60.0,15176211,0.2272134011352536,0.2307692307692307,56776.3118890783,-0.1827473128915291,-0.1914893617021276,-45665.08129264818,0.1827473128915291,0.1914893617021276,45665.08129264818,MOValley-TP1-Hybrids,29,45,Hybrids,33500.0,14.17,133.87,67.0,,,,,5.52,71.83,8.91,4.11,1.08,1.15,4.48,177.0,PHJ40 X LH82
MOValley-TP1-Hybrids_29_5,62.42332150882368,58.0,15362317,95.15595349838884,95.0,23417785,57.79686223836749,52.0,14223750,0.2368725519707104,0.2367149758454106,58294.09816743986,-0.2127625491268459,-0.2218430034129692,-52360.65057756766,0.2127625491268459,0.2218430034129692,52360.65057756766,MOValley-TP1-Hybrids,29,5,Hybrids,28500.0,14.07,130.7,57.0,,,,,4.72,70.81,9.63,3.66,0.68,0.92,1.75,235.0,LH195 X LH123HT
MOValley-TP1-Hybrids_29_6,62.59326015946763,58.0,15425796,92.32927833796587,91.0,22754089,56.35248432713181,51.0,13887788,0.2275786908659714,0.2262773722627737,56085.630470464326,-0.2013443566422106,-0.2087912087912088,-49620.30997268961,0.2013443566422106,0.2087912087912088,49620.30997268961,MOValley-TP1-Hybrids,29,6,Hybrids,29500.0,15.84,148.65,59.0,,,,,5.14,68.3,9.59,3.66,1.24,1.01,0.0,216.0,PHK56 X W606S
MOValley-TP1-Hybrids_29_7,71.6363377717082,70.0,17625118,104.31062933879596,107.0,25664170,65.22905997496301,63.0,16048697,0.2155433080397058,0.2138492871690427,53031.41333685706,-0.1898299032859831,-0.1927272727272727,-46704.99008487016,0.1898299032859831,0.1927272727272727,46704.99008487016,MOValley-TP1-Hybrids,29,7,Hybrids,29000.0,15.55,146.09,58.0,,,,,5.79,70.95,9.9,3.98,1.04,1.21,1.72,220.0,F42 X OH43
MOValley-TP1-Hybrids_29_8,71.21059042298354,68.0,17539026,102.79344939869588,103.0,25317821,64.74782580451323,60.0,15947260,0.2181394407111557,0.2138939670932358,53727.30796827624,-0.1888402043672814,-0.1978609625668449,-46510.96465525268,0.1888402043672814,0.1978609625668449,46510.96465525268,MOValley-TP1-Hybrids,29,8,Hybrids,27000.0,16.67,153.8,54.0,,,,,5.25,68.84,8.31,4.09,0.89,1.04,1.85,207.0,LH145 X LH162
MOValley-TP1-Hybrids_29_9,66.62723584320624,62.0,16438205,94.61982660435557,93.0,23344509,59.87437124826219,53.0,14772145,0.2098500011572599,0.2079207920792079,51773.98243551802,-0.1828274116166325,-0.1902439024390244,-45106.99616664396,0.1828274116166325,0.1902439024390244,45106.99616664396,MOValley-TP1-Hybrids,29,9,Hybrids,25000.0,15.68,148.3,50.0,,,,,5.28,69.67,7.87,3.94,0.8,1.09,8.0,193.0,PIONEER P0589 AMXT
