index,qrCode,location,sublocation,irrigationProvided,nitrogenTreatment,poundsOfNitrogenPerAcre,experiment,plotLength,totalStandCount,block,range,row,plotNumber,genotype,plantingDate,anthesisDate,silkDate,daysToAnthesis,daysToSilk,anthesisSilkingInterval,GDDToAnthesis,GDDToSilk,anthesisSilkingIntervalGDD,earHeight,flagLeafHeight,plantDensity,combineYield,yieldPerAcre,combineMoisture,combineTestWeight,earLength,earFillLength,earWidth,shelledCobWidth,kernelsPerRow,kernelRowNumber,kernelsPerEar,hundredKernelMass,kernelMassPerEar,shelledCobMass,percentMoisture,percentStarch,percentProtein,percentOil,percentFiber,percentAsh,kernelColor,percentLodging,harvestDate,notes,rangeRow,file_,NGRDI_mean,range_y,row_y,predicted,residual
1480,MV$HYBRID-HIPS$REP2$PLOT1$ROW23$RANGE24$PHP02 X PHN46,Missouri Valley,Missouri Valley,0,Medium,175,LC_4211,17.5,63,1,23,24,101,PHP02 X PHK76,2022-04-29,,,,,,,,,95,177,31500,16.78,159.23,9.8,60.6,15.8,,3.8,2,35,14,482,27.4,113.1,18.7,5.27,67.94,7.83,4.13,1.08,1.1,yellow,0,2022-10-11,,24-23,MOValley-TP1-Hybrids_23_24,-0.18010661985524,23,24,57.409592055143,5.59040794485696
1481,MV$HYBRID-HIPS$REP2$PLOT2$ROW25$RANGE24$PHW52 X PHZ51,Missouri Valley,Missouri Valley,0,Medium,175,LC_4211,17.5,46,1,25,24,102,LH185 X LH82,2022-04-29,,,,,,,,,55,160,23000,18.02,169.29,10.7,59.5,19.1,,4.4,2.6,45,17.2,722,26.4,192.9,25.3,5.58,68.09,8.32,3.99,1.25,1.21,yellow,6.52,2022-10-11,,24-25,MOValley-TP1-Hybrids_25_24,-0.180476689254615,25,24,57.4717064727786,-11.4717064727786
1482,MV$HYBRID-HIPS$REP2$PLOT3$ROW27$RANGE24$2369 X PHP02,Missouri Valley,Missouri Valley,0,Medium,175,LC_4211,17.5,56,1,27,24,103,LH82 X W606S,2022-04-29,,,,,,,,,86,168,28000,17.25,161.33,11.1,60.3,20.5,,4.4,3,41.8,17.5,716,25,185.8,30.8,5.72,68.97,8.35,3.95,0.95,1.05,orange,0,2022-10-11,,24-27,MOValley-TP1-Hybrids_27_24,-0.173820692221795,27,24,56.3545285051434,-0.35452850514335
1483,MV$HYBRID-HIPS$REP2$PLOT4$ROW29$RANGE24$PHG39 X PHM49,Missouri Valley,Missouri Valley,0,Medium,175,LC_4211,17.5,57,1,29,24,104,PIONEER 1311 AMXT,2022-04-29,,,,,,,,,92,218,28500,21.65,203.85,10.5,60.1,18.6,,4.2,2.5,35.2,18.2,528,29.1,207.6,19.7,4.57,69.29,6.95,3.94,1.3,1.18,yellow,8.77,2022-10-11,,24-29,MOValley-TP1-Hybrids_29_24,-0.196723582462295,29,24,60.1986715006541,-3.19867150065409
1484,MV$HYBRID-HIPS$REP2$PLOT5$ROW23$RANGE25$LH198 X PHB47,Missouri Valley,Missouri Valley,0,Medium,175,LC_4211,17.5,56,1,23,25,105,PHP02 X LH145,2022-04-29,,,,,,,,,83,180,28000,15.81,148.86,10.5,59,18.4,,4,2.6,41.8,15,598,24,136.1,24.1,5.3,66.72,10.44,4.26,1.32,1.13,yellow,3.57,2022-10-11,,25-23,MOValley-TP1-Hybrids_23_25,-0.182106843794987,23,25,57.7453202871124,-1.74532028711239
1485,MV$HYBRID-HIPS$REP2$PLOT6$ROW25$RANGE25$B37 X MO17,Missouri Valley,Missouri Valley,0,Medium,175,LC_4211,17.5,59,1,25,25,106,LH185 X LH145,2022-04-29,,,,,,,,,72,190,29500,17.71,166.01,10.9,57.3,19,,3.8,2,45.2,13,631,20.5,120.8,19.4,5.87,72.36,8.44,3.93,1.42,1.18,yellow,0,2022-10-11,,25-25,MOValley-TP1-Hybrids_25_25,-0.207694904043682,25,25,62.0401565082539,-3.0401565082539
1486,MV$HYBRID-HIPS$REP2$PLOT7$ROW27$RANGE25$B73 X PHZ51,Missouri Valley,Missouri Valley,0,Medium,175,LC_4211,17.5,50,1,27,25,107,PHP02 X W606S,2022-04-29,,,,,,,,,99,195,25000,15.28,144.2,10.3,59.4,18.1,,4.1,3,39,16.2,564,22.2,133.5,20.4,5.68,69.08,7.81,4.13,0.72,1.05,orange,8,2022-10-11,,25-27,MOValley-TP1-Hybrids_27_25,-0.175183568164113,27,25,56.5832808570254,-6.58328085702544
1487,MV$HYBRID-HIPS$REP2$PLOT8$ROW29$RANGE25$PHK76 X 3IIH6,Missouri Valley,Missouri Valley,0,Medium,175,LC_4211,17.5,53,1,29,25,108,PHK76 X W606S,2022-04-29,,,,,,,,,99,206,26500,16.79,157.91,10.6,62.8,16.9,,3.6,2.5,33.8,15.2,453,23.2,108.9,20.3,5.58,72.29,6.54,3.99,0.42,0.8,orange,1.89,2022-10-11,,25-29,MOValley-TP1-Hybrids_29_25,-0.168649788132886,29,25,55.4866164414211,-2.48661644142106
1488,MV$HYBRID-HIPS$REP2$PLOT9$ROW23$RANGE26$PHK76 X W606S,Missouri Valley,Missouri Valley,0,Medium,175,LC_4211,17.5,56,1,23,26,109,PHK56 X LH145,2022-04-29,,,,,,,,,97,212,28000,17.04,160.8,10.3,59.3,17.1,,3.8,2.4,42.2,15.8,645,21.9,140.6,21.1,5.72,66.8,9.23,3.93,1.6,1.22,yellow,0,2022-10-11,,26-23,MOValley-TP1-Hybrids_23_26,-0.22618809033311,23,26,65.144151322562,-9.14415132256201
1489,MV$HYBRID-HIPS$REP2$PLOT10$ROW25$RANGE26$LH123HT X 3IIH6,Missouri Valley,Missouri Valley,0,Medium,175,LC_4211,17.5,62,1,25,26,110,LH195 X LH185,2022-04-29,,,,,,,,,75,203,31000,17.12,160.66,10.8,60.3,17.9,,3.8,2.4,38.2,13.5,397,31.6,116.2,22.1,5.72,67.36,9.05,3.97,1.3,1.07,yellow,0,2022-10-11,,26-25,MOValley-TP1-Hybrids_25_26,-0.203675781126842,25,26,61.3655655266517,0.634434473348335
1490,MV$HYBRID-HIPS$REP2$PLOT11$ROW27$RANGE26$SOLAR 4,Missouri Valley,Missouri Valley,0,Medium,175,LC_4211,17.5,65,1,27,26,111,B73 X PHZ51,2022-04-29,,,,,,,,,99,223,32500,15.09,141.61,10.8,61.5,17.4,,3.9,2.6,39.5,16.2,596,24.3,149,26.1,5.32,69.8,6.74,3.85,0.78,1.03,yellow,0,2022-10-11,,26-27,MOValley-TP1-Hybrids_27_26,-0.185466306959654,27,26,58.3091904649598,6.69080953504017
1491,MV$HYBRID-HIPS$REP2$PLOT12$ROW29$RANGE26$PHK76 X LH198,Missouri Valley,Missouri Valley,0,Medium,175,LC_4211,17.5,58,1,29,26,112,PHW52 X PHN82,2022-04-29,,,,,,,,,78,193,29000,19.85,184.4,11.7,61.4,19.4,,4,2.4,42.5,15.2,630,27.2,173.1,22.6,5.21,70.97,7.55,3.91,0.43,0.97,yellow,1.72,2022-10-11,,26-29,MOValley-TP1-Hybrids_29_26,-0.194144570349514,29,26,59.7657963812007,-1.76579638120069
1492,MV$HYBRID-HIPS$REP2$PLOT13$ROW23$RANGE27$LH74 X PHN82,Missouri Valley,Missouri Valley,0,Medium,175,LC_4211,17.5,55,1,23,27,113,PHK76 X LH82,2022-04-29,,,,,,,,,88,198,27500,18.4,173.64,10.3,61,15.4,,3.5,2.1,33.8,14.5,303,21.9,65,15.6,5.02,68.59,8.58,4,0.86,1.07,orange,3.64,2022-10-11,,27-23,MOValley-TP1-Hybrids_23_27,-0.20014436395787,23,27,60.7728336735197,-5.77283367351967
1493,MV$HYBRID-HIPS$REP2$PLOT14$ROW25$RANGE27$PHP02 X LH82,Missouri Valley,Missouri Valley,0,Medium,175,LC_4211,17.5,68,1,25,27,114,2369 X PHZ51,2022-04-29,,,,,,,,,109,240,34000,16.91,158.87,10.7,61.4,18.6,,4,2.6,42.8,14.5,584,26.6,159,28.3,4.94,69.31,8.25,3.33,0.84,1.02,yellow,0,2022-10-11,,27-25,MOValley-TP1-Hybrids_25_27,-0.210332078759296,25,27,62.4827939485294,5.51720605147061
1494,MV$HYBRID-HIPS$REP2$PLOT15$ROW27$RANGE27$2369 X PHN82,Missouri Valley,Missouri Valley,0,Medium,175,LC_4211,17.5,63,1,27,27,115,LH74 X PHN82,2022-04-29,,,,,,,,,96,187,31500,16.4,154.59,10.4,61.2,16,,4,2.4,35.8,15,435,26.5,114.8,20,5.38,68.44,8,3.48,1.22,0.99,yellow,0,2022-10-11,,27-27,MOValley-TP1-Hybrids_27_27,-0.199485010276256,27,27,60.6621642422765,2.33783575772348
1495,MV$HYBRID-HIPS$REP2$PLOT16$ROW29$RANGE27$LH195 X LH123HT,Missouri Valley,Missouri Valley,0,Medium,175,LC_4211,17.5,66,1,29,27,116,2369 X LH123HT,2022-04-29,,,,,,,,,110,237,33000,15.76,145.57,12.2,61.7,18.6,,4,2.6,46.5,14.5,589,26,163.7,31.6,5.17,70.95,8.73,4.01,1.01,0.84,yellow,1.52,2022-10-11,,27-29,MOValley-TP1-Hybrids_29_27,-0.199896419268838,29,27,60.7312173172604,5.26878268273964
1496,MV$HYBRID-HIPS$REP2$PLOT17$ROW23$RANGE28$PHN46 X W606S,Missouri Valley,Missouri Valley,0,Medium,175,LC_4211,17.5,47,1,23,28,117,PHP02 X PHN46,2022-04-29,,,,,,,,,81,195,23500,16.66,155.82,11.1,58,15.2,,4.2,2.6,33.8,16.5,507,23.5,120.1,16.3,4.6,69.37,8.63,3.78,0.53,1.05,yellow,6.38,2022-10-11,,28-23,MOValley-TP1-Hybrids_23_28,-0.156041871754887,23,28,53.3704366526028,-6.37043665260276
1497,MV$HYBRID-HIPS$REP2$PLOT18$ROW25$RANGE28$PHB47 X PHK56,Missouri Valley,Missouri Valley,0,Medium,175,LC_4211,17.5,69,1,25,28,118,PHW52 X LH185,2022-04-29,,,,,,,,,77,175,34500,18.2,171.18,10.6,60.2,18.6,,4.2,2.5,40.2,15,522,29.1,151.4,22.3,4.94,68.06,8.65,4.18,1.26,1.12,yellow,4.35,2022-10-11,,28-25,MOValley-TP1-Hybrids_25_28,-0.214149428329482,25,28,63.1235182177178,5.87648178228221
1498,MV$HYBRID-HIPS$REP2$PLOT20$ROW29$RANGE28$PHK56 X W606S,Missouri Valley,Missouri Valley,0,Medium,175,LC_4211,17.5,63,1,29,28,120,B73 X PHN82,2022-04-29,,,,,,,,,83,200,31500,19.58,180.65,12.3,61.8,16.6,,4.4,2.9,41,19,694,20.8,146.1,27.3,5.32,69.82,7.63,3.85,0.68,1.06,yellow,3.17,2022-10-11,,28-29,MOValley-TP1-Hybrids_29_28,-0.171241369443175,29,28,55.9216012418821,7.07839875811794
1499,MV$HYBRID-HIPS$REP2$PLOT21$ROW23$RANGE29$COMMERCIAL HYBRID 5,Missouri Valley,Missouri Valley,0,Medium,175,LC_4211,17.5,56,1,23,29,121,PHK56 X W606S,2022-04-29,,,,,,,,,95,220,28000,20.9,195.03,11.3,60.3,16.8,,4.1,2.5,36,15.5,499,27.4,137.3,25.3,5.29,69.21,7.08,3.9,0.97,0.94,orange,0,2022-10-11,,29-23,MOValley-TP1-Hybrids_23_29,-0.195172616134712,23,29,59.9383490574234,-3.93834905742341
1500,MV$HYBRID-HIPS$REP2$PLOT22$ROW25$RANGE29$B73 X PHN82,Missouri Valley,Missouri Valley,0,Medium,175,LC_4211,17.5,55,1,25,29,122,PHK56 X LH198,2022-04-29,,,,,,,,,86,198,27500,17.33,163.72,10.2,60.7,15.1,,4.2,2.2,39,15.5,562,28.5,160.8,25.3,4.87,67.33,8.34,4.23,1.39,1.17,yellow,5.45,2022-10-11,,29-25,MOValley-TP1-Hybrids_25_29,-0.188576700620285,25,29,58.831255491611,-3.831255491611
1501,MV$HYBRID-HIPS$REP2$PLOT23$ROW27$RANGE29$PHT69 X 3IIH6,Missouri Valley,Missouri Valley,0,Medium,175,LC_4211,17.5,68,1,27,29,123,PHB47 X LH185,2022-04-29,,,,,,,,,72,205,34000,17.27,162.79,10.4,58.4,18.1,,3.5,1.9,43.5,14.5,537,25.5,145.7,19.3,5.23,68.46,8.37,3.78,1.6,1.03,yellow,0,2022-10-11,,29-27,MOValley-TP1-Hybrids_27_29,-0.196449771265248,27,29,60.1527135720185,7.84728642798146
1502,MV$HYBRID-HIPS$REP2$PLOT24$ROW29$RANGE29$F42 X OH43,Missouri Valley,Missouri Valley,0,Medium,175,LC_4211,17.5,61,1,29,29,124,2369 X PHN82,2022-04-29,,,,,,,,,84,201,30500,16.62,154.74,11.5,61.8,16.6,,3.9,2.8,37.8,16.5,566,22,128.6,21.5,5.17,73.3,6.31,4.27,0.32,0.82,yellow,6.56,2022-10-11,,29-29,MOValley-TP1-Hybrids_29_29,-0.17372478473264,29,29,56.3384308817089,4.66156911829111
1503,MV$HYBRID-HIPS$REP2$PLOT25$ROW23$RANGE30$B105 X 3IIH6,Missouri Valley,Missouri Valley,0,Medium,175,LC_4211,17.5,59,1,23,30,125,PHP02 X PHG47,2022-04-29,,,,,,,,,75,194,29500,18.18,171.18,10.5,57.8,14.8,,3.8,2,28,16.8,404,21.6,89.1,12.5,4.9,68.49,8.09,3.78,1.13,1.13,yellow,3.39,2022-10-11,,30-23,MOValley-TP1-Hybrids_23_30,-0.167696449137164,23,30,55.3266029503608,3.67339704963919
1504,MV$HYBRID-HIPS$REP2$PLOT26$ROW25$RANGE30$B73 X MO17,Missouri Valley,Missouri Valley,0,Medium,175,LC_4211,17.5,59,1,25,30,126,LH82 X PHB47,2022-04-29,,,,,,,,,73,178,29500,16.66,156.69,10.6,57.9,18,,3.6,2,44.2,16,724,17.8,131.1,19.9,5.08,67.2,10.15,4.47,0.91,1.13,yellow,1.69,2022-10-11,,30-25,MOValley-TP1-Hybrids_25_30,-0.18027699074309,25,30,57.4381880117359,1.56181198826415
1505,MV$HYBRID-HIPS$REP2$PLOT27$ROW27$RANGE30$LH82 X PHB47,Missouri Valley,Missouri Valley,0,Medium,175,LC_4211,17.5,59,1,27,30,127,LH82 X PHJ89,2022-04-29,,,,,,,,,67,184,29500,16.01,150.58,10.6,58.6,15.1,,4,2,39.2,17.5,629,19.9,122.6,13.9,5.43,69.06,8.08,4.3,0.32,1.13,yellow,3.39,2022-10-11,,30-27,MOValley-TP1-Hybrids_27_30,-0.219822445121083,27,30,64.0757075498871,-5.07570754988707
1506,MV$HYBRID-HIPS$REP2$PLOT28$ROW29$RANGE30$LH145 X LH162,Missouri Valley,Missouri Valley,0,Medium,175,LC_4211,17.5,66,1,29,30,128,PHB47 X 3IIH6,2022-04-29,,,,,,,,,93,207,33000,13.92,131.21,10.4,57.9,16.8,,3.8,2.1,38.2,13.5,506,23,113.6,17.2,4.88,68.02,8.15,4.31,0.9,1.02,yellow,4.55,2022-10-11,,30-29,MOValley-TP1-Hybrids_29_30,-0.192235021761537,29,30,59.4452875828797,6.55471241712026
1507,MV$HYBRID-HIPS$REP2$PLOT29$ROW23$RANGE31$PHP02 X PHJ89,Missouri Valley,Missouri Valley,0,Medium,175,LC_4211,17.5,59,1,23,31,129,PHK56 X LH185,2022-04-29,,,,,,,,,79,224,29500,19.32,181.91,10.5,59,18.8,,4.6,2.6,45.8,13,513,33.6,174.6,26.2,4.81,67.35,8.93,4.25,1.26,1.09,yellow,0,2022-10-11,,31-23,MOValley-TP1-Hybrids_23_31,-0.205372025577842,23,31,61.6502722233399,-2.65027222333988
1508,MV$HYBRID-HIPS$REP2$PLOT30$ROW25$RANGE31$PHB47 X LH185,Missouri Valley,Missouri Valley,0,Medium,175,LC_4211,17.5,64,1,25,31,130,WF9 X H95,2022-04-29,,,,,,,,,102,225,32000,13.24,123.55,11.3,61.1,15.6,,4.1,2.9,38.8,17.5,592,17.9,103.6,16.6,5.25,70.45,10.39,4.39,0.58,0.94,yellow,12.5,2022-10-11,,31-25,MOValley-TP1-Hybrids_25_31,-0.249869084904826,25,31,69.1188954903794,-5.11889549037944
1509,MV$HYBRID-HIPS$REP2$PLOT32$ROW29$RANGE31$COMMERCIAL HYBRID 2,Missouri Valley,Missouri Valley,0,Medium,175,LC_4211,17.5,65,1,29,31,132,LH74 X PHM49,2022-04-29,,,,,,,,,86,186,32500,16.9,160.02,10,62.2,15.5,,3.6,2.1,33.5,15,453,24.4,113.9,16.8,5.08,69.42,7.8,3.8,1,0.88,yellow,3.08,2022-10-11,,31-29,MOValley-TP1-Hybrids_29_31,-0.187231352514489,29,31,58.6054451051003,6.3945548948997
1510,MV$HYBRID-HIPS$REP2$PLOT33$ROW23$RANGE32$PHP02 X LH145,Missouri Valley,Missouri Valley,0,Medium,175,LC_4211,17.5,50,1,23,32,133,PHN46 X W606S,2022-04-29,,,,,,,,,92,205,25000,18.02,169.1,10.8,60.6,15.5,12.2,4.1,3,26,14,344,27.1,89.4,17.8,5.26,72.73,7.85,4.35,0.24,0.83,yellow,10,2022-10-11,,32-23,MOValley-TP1-Hybrids_23_32,-0.167539511959367,23,32,55.3002617791624,-5.3002617791624
1511,MV$HYBRID-HIPS$REP2$PLOT34$ROW25$RANGE32$PHN46 X PHB47,Missouri Valley,Missouri Valley,0,Medium,175,LC_4211,17.5,63,1,25,32,134,B37 X MO17,2022-04-29,,,,,,,,,109,229,31500,16.94,156.12,12.4,60,18.2,17.8,4,2.9,44,13,521,29.7,152.8,28.2,5.09,68.5,8.42,4.14,1.18,1.05,yellow,3.17,2022-10-11,,32-25,MOValley-TP1-Hybrids_25_32,-0.24081684980622,25,32,67.5995201721287,-4.59952017212865
1512,MV$HYBRID-HIPS$REP2$PLOT35$ROW27$RANGE32$WF9 X H95,Missouri Valley,Missouri Valley,0,Medium,175,LC_4211,17.5,60,1,27,32,135,LH195 X PHZ51,2022-04-29,,,,,,,,,95,228,30000,15.47,145.99,10.3,62.5,18.2,16.8,3.6,2.6,34.5,13.5,409,29.2,116.7,25.3,4.68,71.2,9.38,4.41,0.48,1.01,yellow,0,2022-10-11,,32-27,MOValley-TP1-Hybrids_27_32,-0.200785318718095,27,32,60.8804149318711,-0.88041493187113
1513,MV$HYBRID-HIPS$REP2$PLOT36$ROW29$RANGE32$PHB47 X 3IIH6,Missouri Valley,Missouri Valley,0,Medium,175,LC_4211,17.5,65,1,29,32,136,PHB47 X PHK56,2022-04-29,,,,,,,,,83,214,32500,17.56,165.9,10.2,60.8,15.2,13.9,3.5,2,38.8,14.5,489,20.9,103.8,18.4,5.36,68.44,8.71,3.85,0.93,0.89,yellow,1.54,2022-10-11,,32-29,MOValley-TP1-Hybrids_29_32,-0.211200771152569,29,32,62.6285999033145,2.37140009668553
1514,MV$HYBRID-HIPS$REP2$PLOT37$ROW23$RANGE33$LH82 X W606S,Missouri Valley,Missouri Valley,0,Medium,175,LC_4211,17.5,58,1,23,33,137,PHP02 X LH185,2022-04-29,,,,,,,,,109,235,29000,18.55,174.08,10.8,58.3,18.1,17.8,3.9,2.4,41,14.5,566,27.8,161.6,21.1,5.21,71.04,8.1,4.19,1.21,1.18,yellow,1.72,2022-10-11,,33-23,MOValley-TP1-Hybrids_23_33,-0.182000548727511,23,33,57.7274791572461,0.272520842753949
1515,MV$HYBRID-HIPS$REP2$PLOT38$ROW25$RANGE33$COMMERCIAL HYBRID 3,Missouri Valley,Missouri Valley,0,Medium,175,LC_4211,17.5,65,1,25,33,138,B37 X H95,2022-04-29,,,,,,,,,107,211,32500,14.69,137.85,10.8,63.2,15.8,14.4,4.2,2.9,33.5,17,508,22.3,109.8,24.3,4.88,69.57,9.23,4.81,0.72,0.89,yellow,0,2022-10-11,,33-25,MOValley-TP1-Hybrids_25_33,-0.215837912884862,25,33,63.4069224522242,1.59307754777585
1516,MV$HYBRID-HIPS$REP2$PLOT39$ROW27$RANGE33$B73 X 3IIH6,Missouri Valley,Missouri Valley,0,Medium,175,LC_4211,17.5,68,1,27,33,139,LH123HT X 3IIH6,2022-04-29,,,,,,,,,97,210,34000,10.02,94.56,10.3,58.3,18.9,18.8,4.4,2.5,39.5,15.5,584,27.4,162.8,33.5,4.85,69.36,10.16,4.16,1.15,0.94,yellow,16.18,2022-10-11,,33-27,MOValley-TP1-Hybrids_27_33,-0.191966213427023,27,33,59.4001693613188,8.5998306386812
1517,MV$HYBRID-HIPS$REP2$PLOT40$ROW29$RANGE33$4N506 X 3IIH6,Missouri Valley,Missouri Valley,0,Medium,175,LC_4211,17.5,64,1,29,33,140,PHZ51 X LH145,2022-04-29,,,,,,,,,87,217,32000,13.55,128.01,10.2,59.7,18.8,17.2,3.2,2.4,40.8,15.5,569,20.6,120.7,24,5.32,70.34,8.28,3.3,1.06,0.93,yellow,3.12,2022-10-11,,33-29,MOValley-TP1-Hybrids_29_33,-0.222696153448572,29,33,64.5580460504979,-0.558046050497921
1518,MV$HYBRID-HIPS$REP2$PLOT41$ROW23$RANGE34$COMMERCIAL HYBRID 1,Missouri Valley,Missouri Valley,0,Medium,175,LC_4211,17.5,64,1,23,34,141,SYNGENTA NK0760-3111,2022-04-29,,,,,,,,,89,182,32000,18.88,177.17,10.8,59.1,17.5,16.6,4,2.4,41,15.8,597,27.5,157.5,25.5,4.92,71.82,7.94,3.89,1.9,1.34,yellow,3.12,2022-10-11,,34-23,MOValley-TP1-Hybrids_23_34,-0.20738511485185,23,34,61.9881598414856,2.01184015851439
1519,MV$HYBRID-HIPS$REP2$PLOT42$ROW25$RANGE34$PHK56 X PHJ89,Missouri Valley,Missouri Valley,0,Medium,175,LC_4211,17.5,63,1,25,34,142,LH195 X 3IIH6,2022-04-29,,,,,,,,,112,195,31500,19.16,180,10.7,56.8,18.2,17,4,2.4,38.5,15.5,568,27.3,153.5,25.4,4.77,68.21,8.14,4.35,1.06,1.29,yellow,0,2022-10-11,,34-25,MOValley-TP1-Hybrids_25_34,-0.18565839975758,25,34,58.3414323425517,4.65856765744826
1520,MV$HYBRID-HIPS$REP2$PLOT43$ROW27$RANGE34$PHP02 X PHK76,Missouri Valley,Missouri Valley,0,Medium,175,LC_4211,17.5,65,1,27,34,143,LH145 X LH162,2022-04-29,,,,,,,,,90,202,32500,16.69,153.81,12.4,60.6,17,16.4,3.8,2.4,39.5,16,558,24.8,136.1,21,4.68,68.76,7.8,3.65,0.87,1.04,yellow,0,2022-10-11,,34-27,MOValley-TP1-Hybrids_27_34,-0.197255754447977,27,34,60.2879940791446,4.7120059208554
1521,MV$HYBRID-HIPS$REP2$PLOT44$ROW29$RANGE34$LH123HT X PHB47,Missouri Valley,Missouri Valley,0,Medium,175,LC_4211,17.5,69,1,29,34,144,F42 X OH43,2022-04-29,,,,,,,,,103,227,34500,17.78,167.23,10.6,60.4,16.8,15.6,4,2.6,39,18.8,651,23.8,149,26.1,5.45,69.59,7.8,4.19,0.54,0.99,yellow,4.35,2022-10-11,,34-29,MOValley-TP1-Hybrids_29_34,-0.207061176197982,29,34,61.9337882537006,7.0662117462994
1522,MV$HYBRID-HIPS$REP2$PLOT45$ROW23$RANGE35$B73 X PHM49,Missouri Valley,Missouri Valley,0,Medium,175,LC_4211,17.5,51,1,23,35,145,HOEGEMEYER 7089 AMXT,2022-04-29,,,,,,,,,73,190,25500,20.64,194.13,10.6,60.3,15.9,15.2,3.8,2.1,34.2,15,482,27.8,134.1,19.6,4.15,69.47,7.24,4.04,0.98,1.12,yellow,3.92,2022-10-11,,35-23,MOValley-TP1-Hybrids_23_35,-0.186138178716421,23,35,58.4219609965624,-7.42196099656243
1523,MV$HYBRID-HIPS$REP2$PLOT46$ROW25$RANGE35$,Missouri Valley,Missouri Valley,0,Medium,175,LC_4211,17.5,63,1,25,35,146,B84 X 3IIH6,2022-04-29,,,,,,,,,115,196,31500,13.07,122.51,10.9,57.3,18.9,19.4,4.5,2.9,42,16.5,651,31,193.3,36.5,4.79,67.68,8.35,3.91,1.33,1.25,yellow,26.98,2022-10-11,,35-25,MOValley-TP1-Hybrids_25_35,-0.198447576943926,25,35,60.4880359101792,2.51196408982078
1524,MV$HYBRID-HIPS$REP2$PLOT47$ROW27$RANGE35$PHK56 X LH185,Missouri Valley,Missouri Valley,0,Medium,175,LC_4211,17.5,61,1,27,35,147,B105 X 3IIH6,2022-04-29,,,,,,,,,77,188,30500,11.95,112.77,10.3,57.1,14,,3.6,2,,12.8,357,25.1,79.8,12.7,5.31,69.47,9.77,4.33,1.37,1.33,yellow,32.79,2022-10-11,,35-27,MOValley-TP1-Hybrids_27_35,-0.146532642454925,27,35,51.7743569953064,9.22564300469365
1525,MV$HYBRID-HIPS$REP2$PLOT48$ROW29$RANGE35$PHP02 X LH185,Missouri Valley,Missouri Valley,0,Medium,175,LC_4211,17.5,55,1,29,35,148,LH195 X LH123HT,2022-04-29,,,,,,,,,103,226,27500,13.65,127.23,11.4,61.3,19.2,18.9,4,2.5,44,14.5,643,30.7,187.8,32.3,5.36,71.42,8.81,4.72,0.9,1.04,yellow,3.64,2022-10-11,,35-29,MOValley-TP1-Hybrids_29_35,-0.233934352714205,29,35,66.4443252290421,-11.4443252290421
1526,MV$HYBRID-HIPS$REP2$PLOT49$ROW23$RANGE36$PHN46 X PHK56,Missouri Valley,Missouri Valley,0,Medium,175,LC_4211,17.5,55,1,23,36,149,PHK76 X 3IIH6,2022-04-29,,,,,,,,,95,177,27500,15.79,149.17,10.2,60.8,15.2,14.5,3.4,2,33.8,14,437,23,103.1,18.5,4.9,67.89,8.17,4.28,0.73,1.07,orange,7.27,2022-10-11,,36-23,MOValley-TP1-Hybrids_23_36,-0.167133278105726,23,36,55.2320773270424,-0.232077327042383
1527,MV$HYBRID-HIPS$REP2$PLOT50$ROW25$RANGE36$,Missouri Valley,Missouri Valley,0,Medium,175,LC_4211,17.5,58,1,25,36,150,4N506 X 3IIH6,2022-04-29,,,,,,,,,95,211,29000,17.24,162.15,10.6,56.7,18,16.2,4,2.2,38.2,15,554,29.2,160.1,26.9,4.57,66.82,8.43,4.69,1.29,1.31,yellow,3.45,2022-10-11,,36-25,MOValley-TP1-Hybrids_25_36,-0.181000771550787,25,36,57.5596712347255,0.440328765274522
1528,MV$HYBRID-HIPS$REP2$PLOT52$ROW29$RANGE36$PHP02 X W606S,Missouri Valley,Missouri Valley,0,Medium,175,LC_4211,17.5,61,1,29,36,152,LH198 X PHZ51,2022-04-29,,,,,,,,,100,237,30500,15.18,142.93,10.5,62.5,16.8,17,4.1,2.5,40,13,513,28.5,143.5,26.6,5.19,70.04,7.01,3.97,0.66,1.07,yellow,3.28,2022-10-11,,36-29,MOValley-TP1-Hybrids_29_36,-0.207101550833988,29,36,61.9405649474964,-0.940564947496398
1529,MV$HYBRID-HIPS$REP2$PLOT53$ROW23$RANGE37$,Missouri Valley,Missouri Valley,0,Medium,175,LC_4211,17.5,50,1,23,37,153,PHK76 X LH145,2022-04-29,,,,,,,,,76,201,25000,14.24,135.58,9.5,64.1,17.9,17.4,3.2,2,44.2,12,377,33.1,123,23.2,5.21,70.11,9.47,4.43,0.64,0.92,orange,4,2022-10-11,,37-23,MOValley-TP1-Hybrids_23_37,-0.167407305721069,23,37,55.2780715804766,-5.27807158047659
1530,MV$HYBRID-HIPS$REP2$PLOT54$ROW25$RANGE37$PHW52 X PHM49,Missouri Valley,Missouri Valley,0,Medium,175,LC_4211,17.5,58,1,25,37,154,PHG39 X PHM49,2022-04-29,,,,,,,,,91,202,29000,18.53,174.28,10.6,61.5,20.8,19.9,4.4,2.6,44.2,14.5,512,35.3,174.7,27.7,5.6,68.99,8.63,3.75,1.02,0.99,yellow,0,2022-10-11,,37-25,MOValley-TP1-Hybrids_25_37,-0.209727151288627,25,37,62.3812597022074,-4.38125970220742
1531,MV$HYBRID-HIPS$REP2$PLOT55$ROW27$RANGE37$PHK76 X LH145,Missouri Valley,Missouri Valley,0,Medium,175,LC_4211,17.5,51,1,27,37,155,PHP02 X PHB47,2022-04-29,,,,,,,,,88,201,25500,15.83,149.89,10,59.4,19.9,17,4,2.1,46.5,14.2,426,33.1,151.6,27.6,5.24,66.59,9.28,4.05,1.64,1.23,yellow,1.96,2022-10-11,,37-27,MOValley-TP1-Hybrids_27_37,-0.168563507964182,27,37,55.4721347186912,-4.47213471869122
1532,MV$HYBRID-HIPS$REP2$PLOT56$ROW29$RANGE37$PHJ40 X LH82,Missouri Valley,Missouri Valley,0,Medium,175,LC_4211,17.5,59,1,29,37,156,PHW52 X PHM49,2022-04-29,,,,,,,,,90,203,29500,17.89,167.51,11,61.8,17.6,16.6,4.1,2.5,36.8,14.5,484,31.2,210.3,18.2,5.21,70.23,7.47,4.17,0.54,1,yellow,3.39,2022-10-11,,37-29,MOValley-TP1-Hybrids_29_37,-0.218668324519045,29,37,63.8819938053897,-4.88199380538971
1533,MV$HYBRID-HIPS$REP2$PLOT57$ROW23$RANGE38$PHK56 X 3IIH6,Missouri Valley,Missouri Valley,0,Medium,175,LC_4211,17.5,52,1,23,38,157,PHN46 X PHB47,2022-04-29,,,,,,,,,88,209,26000,19.24,181.57,10.3,59.8,17.4,16.5,4,2.6,42,14.5,459,36.7,176.9,24.1,5.29,69.47,8.06,3.14,0.86,0.93,yellow,1.92,2022-10-11,,38-23,MOValley-TP1-Hybrids_23_38,-0.16254801006988,23,38,54.4624615354351,-2.46246153543512
1534,MV$HYBRID-HIPS$REP2$PLOT58$ROW25$RANGE38$LH195 X PHZ51,Missouri Valley,Missouri Valley,0,Medium,175,LC_4211,17.5,50,1,25,38,158,LH195 X PHM49,2022-04-29,,,,,,,,,72,171,25000,15.07,143.8,9.3,62.2,17.5,16.5,3.5,2.5,40.2,14.4,409,27.5,121.4,17.3,5.14,68.65,9.23,4.1,0.56,1.06,yellow,4,2022-10-11,,38-25,MOValley-TP1-Hybrids_25_38,-0.162212338357604,25,38,54.4061206086793,-4.40612060867929
1535,MV$HYBRID-HIPS$REP2$PLOT59$ROW27$RANGE38$,Missouri Valley,Missouri Valley,0,Medium,175,LC_4211,17.5,70,1,27,38,159,B73 X MO17,2022-04-29,,,,,,,,,114,221,35000,15.59,144.82,11.7,58.5,18.6,17.2,4.1,3.1,40.2,15.5,461,34.7,155.2,23.7,5.61,72.35,6.75,3.96,1.62,1.24,yellow,2.86,2022-10-11,,38-27,MOValley-TP1-Hybrids_27_38,-0.194481013825594,27,38,59.822266844901,10.177733155099
1536,MV$HYBRID-HIPS$REP2$PLOT60$ROW29$RANGE38$PHK56 X LH198,Missouri Valley,Missouri Valley,0,Medium,175,LC_4211,17.5,61,1,29,38,160,B73 X PHM49,2022-04-29,,,,,,,,,112,225,30500,17.8,166.1,11.3,59.1,17.1,15.5,4.4,2.5,37.8,16,430,35.3,156.2,23.9,5.44,71.81,7.97,3.85,1.68,1.26,yellow,1.64,2022-10-11,,38-29,MOValley-TP1-Hybrids_29_38,-0.18801228691661,29,38,58.7365212915704,2.26347870842965
1537,MV$HYBRID-HIPS$REP2$PLOT61$ROW23$RANGE39$PHW52 X PHN82,Missouri Valley,Missouri Valley,0,Medium,175,LC_4211,17.5,50,1,23,39,161,PHN46 X PHK56,2022-04-29,,,,,,,,,72,172,25000,17.66,166.65,10.3,59,14.6,13.7,4,2.8,36,17,483,25.6,108.2,17.1,5.72,71.88,8.22,4.05,1.26,1.27,,4,2022-10-11,,39-23,MOValley-TP1-Hybrids_23_39,-0.184378226853653,23,39,58.126561308809,-8.12656130880896
1538,MV$HYBRID-HIPS$REP2$PLOT62$ROW25$RANGE39$2FACC X 3IIH6,Missouri Valley,Missouri Valley,0,Medium,175,LC_4211,17.5,63,1,25,39,162,2FACC X 3IIH6,2022-04-29,,,,,,,,,83,190,31500,16.12,151.44,10.7,55.6,17.2,16,4.1,2.6,36.2,16,480,30.1,150.1,28,5.1,70.51,9.13,3.92,1.79,1.37,yellow,3.17,2022-10-11,,39-25,MOValley-TP1-Hybrids_25_39,-0.160986284294554,25,39,54.2003331692295,8.79966683077046
1539,MV$HYBRID-HIPS$REP2$PLOT63$ROW27$RANGE39$PHP02 X PHB47,Missouri Valley,Missouri Valley,0,Medium,175,LC_4211,17.5,65,1,27,39,163,B73 X 3IIH6,2022-04-29,,,,,,,,,103,212,32500,15.51,144.08,11.7,56.2,17.1,16.4,4.4,3,38.2,20.5,592,26.6,160.7,25.3,5.27,71.85,7.45,4.36,1.62,1.39,yellow,30.77,2022-10-11,,39-27,MOValley-TP1-Hybrids_27_39,-0.19100997269145,27,39,59.2396688267979,5.76033117320215
1540,MV$HYBRID-HIPS$REP2$PLOT64$ROW29$RANGE39$SOLAR 1,Missouri Valley,Missouri Valley,0,Medium,175,LC_4211,17.5,60,1,29,39,164,PHW52 X PHZ51,2022-04-29,,,,,,,,,93,221,30000,17.23,162.23,10.5,60.8,19.6,19.2,3.9,2.5,43.2,14.5,518,30.9,160.6,27.2,5.36,70.47,6.6,3.93,0.51,0.99,yellow,5,2022-10-11,,39-29,MOValley-TP1-Hybrids_29_39,-0.210417235692852,29,39,62.4970871414937,-2.49708714149374
1541,MV$HYBRID-HIPS$REP2$PLOT65$ROW23$RANGE40$LH82 X PHJ89,Missouri Valley,Missouri Valley,0,Medium,175,LC_4211,17.5,53,1,23,40,165,PHP02 X PHK56,2022-04-29,,,,,,,,,86,205,26500,21.33,201.74,10.1,58.6,16.4,15.8,4.8,2.8,40.8,15,399,35.6,146,21.5,5.17,67.2,8.5,3.83,1.45,1.2,yellow,0,2022-10-11,,40-23,MOValley-TP1-Hybrids_23_40,-0.172387880247981,23,40,56.1140377175099,-3.11403771750986
1542,MV$HYBRID-HIPS$REP2$PLOT66$ROW25$RANGE40$COMMERCIAL HYBRID 4,Missouri Valley,Missouri Valley,0,Medium,175,LC_4211,17.5,63,1,25,40,166,PHB47 X PHJ89,2022-04-29,,,,,,,,,90,206,31500,16.27,154.05,10,59.4,15.4,14.4,3.5,2.4,35.2,13,302,36.4,106.9,14,5.48,68.65,8.43,4.4,0.58,0.99,yellow,6.35,2022-10-11,,40-25,MOValley-TP1-Hybrids_25_40,-0.182762140718961,25,40,57.8553088105617,5.14469118943829
1543,MV$HYBRID-HIPS$REP2$PLOT67$ROW27$RANGE40$2369 X 3IIH6,Missouri Valley,Missouri Valley,0,Medium,175,LC_4211,17.5,65,1,27,40,167,PHG39 X PHN82,2022-04-29,,,,,,,,,75,185,32500,19.09,179.75,10.5,61.5,20.1,18.5,4,2.5,42.2,15.5,522,28.2,144.5,24.2,5.58,70.16,6.96,3.88,0.77,0.94,yellow,1.54,2022-10-11,,40-27,MOValley-TP1-Hybrids_27_40,-0.196154121933551,27,40,60.1030902146328,4.89690978536719
1544,MV$HYBRID-HIPS$REP2$PLOT68$ROW29$RANGE40$LH195 X PHM49,Missouri Valley,Missouri Valley,0,Medium,175,LC_4211,17.5,64,1,29,40,168,B14A X MO17,2022-04-29,,,,,,,,,128,213,32000,17.11,158.58,11.9,57.1,17.1,16.1,3.6,2.5,40.8,14.5,424,27.2,127.4,21.8,5.93,71.71,6.38,4.25,1.71,1.2,yellow,3.12,2022-10-11,,40-29,MOValley-TP1-Hybrids_29_40,-0.198186864321718,29,40,60.44427651606,3.55572348393996
1545,MV$HYBRID-HIPS$REP2$PLOT69$ROW23$RANGE41$LH74 X PHM49,Missouri Valley,Missouri Valley,0,Medium,175,LC_4211,17.5,66,1,23,41,169,PHP02 X LH82,2022-04-29,,,,,,,,,87,173,33000,17.85,168.07,10.5,56.8,13.8,12.2,3.8,2.1,28.8,16.8,330,25,88.9,14.4,5.37,66.57,10.65,4.14,1.13,1.27,yellow,1.52,2022-10-11,,41-23,MOValley-TP1-Hybrids_23_41,-0.187996153789238,23,41,58.7338134216058,7.26618657839416
1546,MV$HYBRID-HIPS$REP2$PLOT70$ROW25$RANGE41$PHP02 X LH198,Missouri Valley,Missouri Valley,0,Medium,175,LC_4211,17.5,57,1,25,41,170,2369 X 3IIH6,2022-04-29,,,,,,,,,80,200,28500,16.79,157.56,10.8,57.6,18.4,17.1,4.2,2.1,42.5,15.5,506,33.9,174.1,26.6,5.43,69.7,8.49,3.84,1.55,1.31,yellow,3.51,2022-10-11,,41-25,MOValley-TP1-Hybrids_25_41,-0.163241889526893,25,41,54.57892595658,2.42107404341996
1547,MV$HYBRID-HIPS$REP2$PLOT72$ROW29$RANGE41$LH198 X PHZ51,Missouri Valley,Missouri Valley,0,Medium,175,LC_4211,17.5,61,1,29,41,172,F42 X MO17,2022-04-29,,,,,,,,,105,203,30500,19.5,180.74,11.9,58.8,18.1,17.4,4.4,2.5,44.5,15.5,448,35.3,162.9,22.3,5.73,72.81,6.44,4.21,1.29,1.25,yellow,4.92,2022-10-11,,41-29,MOValley-TP1-Hybrids_29_41,-0.170084452295254,29,41,55.7274181102395,5.27258188976053
1548,MV$HYBRID-HIPS$REP2$PLOT73$ROW23$RANGE42$B14A X MO17,Missouri Valley,Missouri Valley,0,Medium,175,LC_4211,17.5,62,1,23,42,173,PHK76 X LH198,2022-04-29,,,,,,,,,102,210,31000,17.46,165.5,9.9,63.7,15.5,14.2,4,2.5,36.8,13,384,31.2,115.4,21.5,5.09,69.1,8.1,4.19,0.43,1.02,yellow,1.61,2022-10-11,,42-23,MOValley-TP1-Hybrids_23_42,-0.173610235771607,23,42,56.3192043744177,5.68079562558228
1549,MV$HYBRID-HIPS$REP2$PLOT74$ROW25$RANGE42$PHK76 X LH82,Missouri Valley,Missouri Valley,0,Medium,175,LC_4211,17.5,57,1,25,42,174,PHT69 X 3IIH6,2022-04-29,,,,,,,,,85,182,28500,16.99,159.97,10.5,56.8,18.5,17.5,4.1,2.2,39,14,469,30,145.8,23.4,5.2,70.51,8.41,4.2,1.4,1.36,yellow,0,2022-10-11,,42-25,MOValley-TP1-Hybrids_25_42,-0.163083445749857,25,42,54.5523319097467,2.44766809025333
1550,MV$HYBRID-HIPS$REP2$PLOT75$ROW27$RANGE42$2369 X LH123HT,Missouri Valley,Missouri Valley,0,Medium,175,LC_4211,17.5,73,1,27,42,175,B37 X OH43,2022-04-29,,,,,,,,,97,231,36500,15.12,142.69,10.3,60.6,17,15.4,4.2,2.6,38,15.5,476,26.4,126.9,24.7,,,,,,,,0,2022-10-11,,42-27,MOValley-TP1-Hybrids_27_42,-0.216159676618109,27,42,63.4609289897564,9.53907101024359
1551,MV$HYBRID-HIPS$REP2$PLOT76$ROW29$RANGE42$SOLAR 3,Missouri Valley,Missouri Valley,0,Medium,175,LC_4211,17.5,63,1,29,42,176,N209 X 3IIH6,2022-04-29,,,,,,,,,116,208,31500,21.12,198.86,10.5,56.2,16.2,16.2,4.5,3,34.2,19.5,552,24.1,132.4,18,4.59,70.22,7.69,4.34,1.95,1.43,yellow,0,2022-10-11,,42-29,MOValley-TP1-Hybrids_29_42,-0.196425782117602,29,42,60.1486871057986,2.85131289420136
1552,MV$HYBRID-HIPS$REP2$PLOT77$ROW23$RANGE43$SOLAR 2,Missouri Valley,Missouri Valley,0,Medium,175,LC_4211,17.5,59,1,23,43,177,HOEGEMEYER 8065RR,2022-04-29,,,,,,,,,85,183,29500,22.66,214.08,10.2,60.1,17.5,16.8,4.2,2.5,40.8,16.5,586,25.6,159.3,17.7,5.26,71.16,7.32,3.57,1.11,1.22,yellow,1.69,2022-10-11,,43-23,MOValley-TP1-Hybrids_23_43,-0.162413758231702,23,43,54.439927992378,4.56007200762198
1553,MV$HYBRID-HIPS$REP2$PLOT78$ROW25$RANGE43$PHK56 X LH82,Missouri Valley,Missouri Valley,0,Medium,175,LC_4211,17.5,51,1,25,43,178,PHK56 X 3IIH6,2022-04-29,,,,,,,,,75,207,25500,14.54,137.36,10.2,57.8,17.2,17,4.2,2.5,38.5,16,561,30.9,173.5,29.3,4.91,65.54,9.68,4.1,1.45,1.24,yellow,1.96,2022-10-11,,43-25,MOValley-TP1-Hybrids_25_43,-0.134754011260641,25,43,49.7973688454813,1.20263115451866
1554,MV$HYBRID-HIPS$REP2$PLOT79$ROW27$RANGE43$N209 X 3IIH6,Missouri Valley,Missouri Valley,0,Medium,175,LC_4211,17.5,54,1,27,43,179,LH198 X PHB47,2022-04-29,,,,,,,,,91,204,27000,14.51,137.69,9.8,62.5,16.8,16.1,3.9,2,42.5,12,473,32.7,155.9,27.8,5.44,68.46,11.56,5.03,1.11,1.11,yellow,0,2022-10-11,,43-27,MOValley-TP1-Hybrids_27_43,-0.192397683130727,27,43,59.4725895328278,-5.4725895328278
1555,MV$HYBRID-HIPS$REP2$PLOT80$ROW29$RANGE43$B37 X H95,Missouri Valley,Missouri Valley,0,Medium,175,LC_4211,17.5,61,1,29,43,180,2369 X PHP02,2022-04-29,,,,,,,,,100,213,30500,18.37,173.36,10.3,59.4,18.6,18.2,4,2.5,42.2,14.5,562,28.5,168.4,30.4,5.47,68.53,8.06,3.71,1.32,1.14,yellow,1.64,2022-10-11,,43-29,MOValley-TP1-Hybrids_29_43,-0.187570380944892,29,43,58.6623494412923,2.33765055870774
1556,MV$HYBRID-HIPS$REP2$PLOT81$ROW23$RANGE44$PHP02 X PHG47,Missouri Valley,Missouri Valley,0,Medium,175,LC_4211,17.5,54,1,23,44,181,PHK56 X PHJ89,2022-04-29,,,,,,,,,68,193,27000,16.67,157.49,10.2,59.8,17.4,16.6,4,2.5,41.2,14,492,33.4,161.2,25.6,5.47,68.05,9.21,3.93,1.21,1,yellow,1.85,2022-10-11,,44-23,MOValley-TP1-Hybrids_23_44,-0.156645530997259,23,44,53.4717580327374,0.528241967262602
1557,MV$HYBRID-HIPS$REP2$PLOT82$ROW25$RANGE44$F42 X MO17,Missouri Valley,Missouri Valley,0,Medium,175,LC_4211,17.5,53,1,25,44,182,LH185 X W606S,2022-04-29,,,,,,,,,65,195,26500,18.34,173.07,10.3,59.9,22.1,21.8,4.1,2.9,42.2,14.5,593,30.4,176.1,31,5.6,70.01,9.37,4.08,0.94,0.92,,7.55,2022-10-11,,44-25,MOValley-TP1-Hybrids_25_44,-0.16862010868241,25,44,55.4816348844883,-2.48163488448829
1558,MV$HYBRID-HIPS$REP2$PLOT83$ROW27$RANGE44$B37 X OH43,Missouri Valley,Missouri Valley,0,Medium,175,LC_4211,17.5,62,1,27,44,183,LH123HT X PHB47,2022-04-29,,,,,,,,,82,222,31000,13.66,128.62,10.5,60.8,17.8,17,3.6,2.5,38,13,454,26.8,121.3,24.8,5.35,69.72,9.37,3.64,1.74,0.79,yellow,4.84,2022-10-11,,44-27,MOValley-TP1-Hybrids_27_44,-0.207638702320897,27,44,62.0307233119756,-0.0307233119755779
1559,MV$HYBRID-HIPS$REP2$PLOT84$ROW29$RANGE44$LH185 X LH82,Missouri Valley,Missouri Valley,0,Medium,175,LC_4211,17.5,45,1,29,44,184,PHK56 X LH82,2022-04-29,,,,,,,,,87,166,22500,18.29,172.02,10.6,59.2,15.2,13.8,3.8,2.5,36.2,17.5,475,25.3,121.1,17.9,4.93,68.5,7.28,4.1,1.05,1.19,yellow,4.44,2022-10-11,,44-29,MOValley-TP1-Hybrids_29_44,-0.188965107866931,29,44,58.8964478311333,-13.8964478311333
1560,MV$HYBRID-HIPS$REP2$PLOT85$ROW23$RANGE45$B84 X 3IIH6,Missouri Valley,Missouri Valley,0,Medium,175,LC_4211,17.5,54,1,23,45,185,PIONEER P0589 AMXT,2022-04-29,,,,,,,,,87,206,27000,18.62,176.11,10.1,61.1,15.6,13.8,3.5,2.5,36.2,15.5,407,27.4,103.4,17.6,5.4,72.19,7.23,3.74,1.39,1.19,yellow,0,2022-10-11,,45-23,MOValley-TP1-Hybrids_23_45,-0.175493113177212,23,45,56.6352365395356,-2.63523653953557
1561,MV$HYBRID-HIPS$REP2$PLOT86$ROW25$RANGE45$LH195 X LH185,Missouri Valley,Missouri Valley,0,Medium,175,LC_4211,17.5,53,1,25,45,186,PHP02 X PHJ89,2022-04-29,,,,,,,,,73,210,26500,15.26,143.69,10.5,56.6,17.4,16.4,4.1,3,41.5,15.5,525,31.2,161.1,23.2,5.1,66.88,9.77,4.43,1.18,1.23,yellow,9.43,2022-10-11,,45-25,MOValley-TP1-Hybrids_25_45,-0.177754598496955,25,45,57.0148162720519,-4.01481627205193
1562,MV$HYBRID-HIPS$REP2$PLOT87$ROW27$RANGE45$PHW52 X LH185,Missouri Valley,Missouri Valley,0,Medium,175,LC_4211,17.5,50,1,27,45,187,PHP02 X LH198,2022-04-29,,,,,,,,,79,192,25000,15.46,145.73,10.4,61.1,15.8,15,4.2,2.6,34.2,15.5,502,29.6,153.4,25.7,5.24,67.18,9.01,4.15,1.48,1.24,yellow,6,2022-10-11,,45-27,MOValley-TP1-Hybrids_27_45,-0.185705514580958,27,45,58.3493403452698,-8.3493403452698
1563,MV$HYBRID-HIPS$REP2$PLOT88$ROW29$RANGE45$PHZ51 X LH145,Missouri Valley,Missouri Valley,0,Medium,175,LC_4211,17.5,67,1,29,45,188,PHJ40 X LH82,2022-04-29,,,,,,,,,86,177,33500,14.17,133.87,10.2,60.1,15.5,14.2,3.5,2.5,37.8,16,444,24.7,107.2,19.8,5.52,71.83,8.91,4.11,1.08,1.15,yellow,4.48,2022-10-11,,45-29,MOValley-TP1-Hybrids_29_45,-0.197284965674492,29,45,60.2928970468757,6.70710295312431
1564,MV$HYBRID-HIPS$REP1$PLOT1$ROW23$RANGE2$PHP02 X PHK76,Missouri Valley,Missouri Valley,0,Medium,175,LC_4211,17.5,54,2,23,2,201,PHP02 X PHN46,2022-04-29,,,,,,,,,81,182,27000,16.71,156.64,10.9,58.3,14.8,13.4,4.1,2.4,33.5,14.5,466,27.2,128.8,17.8,5.01,68.78,8.48,3.97,0.72,1.11,yellow,3.7,2022-10-11,,2-23,MOValley-TP1-Hybrids_23_2,-0.130105086067963,23,2,49.0170684978648,4.98293150213523
1565,MV$HYBRID-HIPS$REP1$PLOT2$ROW25$RANGE2$LH185 X LH82,Missouri Valley,Missouri Valley,0,Medium,175,LC_4211,17.5,54,2,25,2,202,PHW52 X PHZ51,2022-04-29,,,,,,,,,80,213,27000,15.35,144.05,10.8,59.9,21,20,4,2.6,41.2,13.5,500,32.7,163.6,31.4,4.92,71.18,7.85,3.22,0.66,0.89,yellow,5.56,2022-10-11,,2-25,MOValley-TP1-Hybrids_25_2,-0.18704676413818,25,2,58.5744628095739,-4.57446280957386
1566,MV$HYBRID-HIPS$REP1$PLOT3$ROW27$RANGE2$LH82 X W606S,Missouri Valley,Missouri Valley,0,Medium,175,LC_4211,17.5,55,2,27,2,203,2369 X PHP02,2022-04-29,,,,,,,,,77,205,27500,11.43,107.62,10.5,60.1,17.8,16.2,4,2.6,39.5,15,573,25,137.1,23.5,4.8,69.12,8.24,3.69,0.92,1.13,yellow,1.82,2022-10-11,,2-27,MOValley-TP1-Hybrids_27_2,-0.165203862528798,27,2,54.9082339475565,0.091766052443468
1567,MV$HYBRID-HIPS$REP1$PLOT4$ROW29$RANGE2$COMMERCIAL HYBRID 1,Missouri Valley,Missouri Valley,0,Medium,175,LC_4211,17.5,57,2,29,2,204,PHG39 X PHM49,2022-04-29,,,,,,,,,104,202,28500,13.81,129.74,10.7,59.6,19,16.6,3.2,2,38.5,12.5,460,26.7,122.9,19.6,4.55,70.32,7.43,3.15,0.82,0.81,yellow,1.75,2022-10-11,,2-29,MOValley-TP1-Hybrids_29_2,-0.157191580057289,29,2,53.5634098132453,3.43659018675467
1568,MV$HYBRID-HIPS$REP1$PLOT5$ROW23$RANGE3$PHP02 X LH145,Missouri Valley,Missouri Valley,0,Medium,175,LC_4211,17.5,48,2,23,3,205,LH198 X PHB47,2022-04-29,,,,,,,,,102,213,24000,13.8,130.08,10.4,61.2,16.4,15.4,4,2.5,40.8,13,500,24.4,121.9,23.4,5.17,68.95,9.38,4.53,0.93,0.96,yellow,0,2022-10-11,,3-23,MOValley-TP1-Hybrids_23_3,-0.145242776536118,23,3,51.5578590343564,-3.55785903435635
1569,MV$HYBRID-HIPS$REP1$PLOT6$ROW25$RANGE3$LH185 X LH145,Missouri Valley,Missouri Valley,0,Medium,175,LC_4211,17.5,69,2,25,3,206,B37 X MO17,2022-04-29,,,,,,,,,105,211,34500,16.9,157.7,11.3,58.8,18.2,17.1,3.9,2.5,46.2,15,590,25.3,145.4,26.7,5.33,71.53,8.98,3.89,1.45,1.11,yellow,2.9,2022-10-11,,3-25,MOValley-TP1-Hybrids_25_3,-0.200600291405516,25,3,60.849358962945,8.15064103705505
1570,MV$HYBRID-HIPS$REP1$PLOT7$ROW27$RANGE3$PHP02 X W606S,Missouri Valley,Missouri Valley,0,Medium,175,LC_4211,17.5,55,2,27,3,207,B73 X PHZ51,2022-04-29,,,,,,,,,123,223,27500,11.61,109.44,10.4,59.3,17,15.8,3.8,2.5,42.5,15.5,590,18.4,108.6,22.4,5.24,68.94,9.25,3.89,1.11,1.17,yellow,3.64,2022-10-11,,3-27,MOValley-TP1-Hybrids_27_3,-0.189783457000969,27,3,59.0338039053431,-4.03380390534313
1571,MV$HYBRID-HIPS$REP1$PLOT8$ROW29$RANGE3$PHK76 X W606S,Missouri Valley,Missouri Valley,0,Medium,175,LC_4211,17.5,51,2,29,3,208,PHK76 X 3IIH6,2022-04-29,,,,,,,,,105,260,25500,9.61,90.49,10.5,57.9,18.4,17.2,3.8,2.5,36.8,16,550,22.1,122.6,24.2,4.86,67.53,9.47,4.25,0.73,1.09,yellow,3.92,2022-10-11,,3-29,MOValley-TP1-Hybrids_29_3,-0.149602866030651,29,3,52.2896796611072,-1.28967966110721
1572,MV$HYBRID-HIPS$REP1$PLOT9$ROW23$RANGE4$PHK56 X LH145,Missouri Valley,Missouri Valley,0,Medium,175,LC_4211,17.5,46,2,23,4,209,PHK76 X W606S,2022-04-29,,,,,,,,,75,181,23000,11.96,112.49,10.6,60.4,17.6,16.2,3.2,2.4,36.5,14,444,22.7,99.1,22.6,5.05,71.21,10.08,4.79,0.35,0.87,orange,4.35,2022-10-11,,4-23,MOValley-TP1-Hybrids_23_4,-0.135078669658893,23,4,49.8518612389945,-3.85186123899452
1573,MV$HYBRID-HIPS$REP1$PLOT10$ROW25$RANGE4$LH195 X LH185,Missouri Valley,Missouri Valley,0,Medium,175,LC_4211,17.5,53,2,25,4,210,LH123HT X 3IIH6,2022-04-29,,,,,,,,,101,237,26500,13.55,127.16,10.8,57.5,17.9,17.2,4.1,2.5,36,17,562,27.2,153,31,4.52,67.03,11.01,3.98,1.29,1.06,yellow,7.55,2022-10-11,,4-25,MOValley-TP1-Hybrids_25_4,-0.177183127478134,25,4,56.9188975346756,-3.91889753467557
1574,MV$HYBRID-HIPS$REP1$PLOT12$ROW29$RANGE4$PHW52 X PHN82,Missouri Valley,Missouri Valley,0,Medium,175,LC_4211,17.5,53,2,29,4,212,PHK76 X LH198,2022-04-29,,,,,,,,,113,220,26500,11.86,111.3,10.8,61,16.9,15.5,3.6,2.4,41,13.5,493,24.7,122.6,23.6,5.11,71.68,9,4.65,0.43,0.94,yellow,3.77,2022-10-11,,4-29,MOValley-TP1-Hybrids_29_4,-0.16963780929404,29,4,55.6524511717186,-2.65245117171855
1575,MV$HYBRID-HIPS$REP1$PLOT13$ROW23$RANGE5$PHK76 X LH82,Missouri Valley,Missouri Valley,0,Medium,175,LC_4211,17.5,55,2,23,5,213,LH74 X PHN82,2022-04-29,,,,,,,,,97,197,27500,14.71,138.66,10.4,59.7,16.4,15,3.6,2.4,36.5,15,549,22.7,125.2,19.6,5.12,68.59,9.93,3.93,1.19,1.16,yellow,1.82,2022-10-11,,5-23,MOValley-TP1-Hybrids_23_5,-0.144895870485994,23,5,51.4996324765429,3.50036752345714
1576,MV$HYBRID-HIPS$REP1$PLOT14$ROW25$RANGE5$2369 X PHZ51,Missouri Valley,Missouri Valley,0,Medium,175,LC_4211,17.5,55,2,25,5,214,PHP02 X LH82,2022-04-29,,,,,,,,,90,163,27500,14.51,135.55,11.2,56,14.9,14,3.9,2.5,34.2,16.8,486,22.1,102.2,16.9,4.96,66.11,11.36,3.98,1.17,1.23,yellow,0,2022-10-11,,5-25,MOValley-TP1-Hybrids_25_5,-0.173314983460116,25,5,56.2696476550165,-1.26964765501645
1577,MV$HYBRID-HIPS$REP1$PLOT15$ROW27$RANGE5$LH74 X PHN82,Missouri Valley,Missouri Valley,0,Medium,175,LC_4211,17.5,57,2,27,5,215,2369 X PHN82,2022-04-29,,,,,,,,,75,195,28500,14.24,133.78,10.7,61.6,17.6,16.2,4.1,3,41.2,16.5,625,21,126.5,20.7,5.02,72.09,8.23,4.32,0.2,0.88,yellow,0,2022-10-11,,5-27,MOValley-TP1-Hybrids_27_5,-0.166979232951719,27,5,55.2062215685093,1.79377843149072
1578,MV$HYBRID-HIPS$REP1$PLOT16$ROW29$RANGE5$2369 X LH123HT,Missouri Valley,Missouri Valley,0,Medium,175,LC_4211,17.5,57,2,29,5,216,LH195 X LH123HT,2022-04-29,,,,,,,,,119,235,28500,14.07,130.7,11.7,61.5,17.1,16.4,3.8,2.5,37,14.2,508,25.3,129.9,24,4.72,70.81,9.63,3.66,0.68,0.92,yellow,1.75,2022-10-11,,5-29,MOValley-TP1-Hybrids_29_5,-0.198236386775494,29,5,60.4525886282784,-3.45258862827839
1579,MV$HYBRID-HIPS$REP1$PLOT17$ROW23$RANGE6$PHP02 X PHN46,Missouri Valley,Missouri Valley,0,Medium,175,LC_4211,17.5,35,2,23,6,217,PHN46 X W606S,2022-04-29,,,,,,,,,92,201,17500,13.58,127.44,10.8,59.4,19,16.1,4.4,3,36.5,14.5,538,29.9,159,31.3,5.17,72.23,9.39,3.95,0.41,0.91,yellow,8.57,2022-10-11,,6-23,MOValley-TP1-Hybrids_23_6,-0.104592925857025,23,6,44.7349717430281,-9.73497174302811
1580,MV$HYBRID-HIPS$REP1$PLOT18$ROW25$RANGE6$PHW52 X LH185,Missouri Valley,Missouri Valley,0,Medium,175,LC_4211,17.5,63,2,25,6,218,PHB47 X PHK56,2022-04-29,,,,,,,,,103,220,31500,16.37,154.31,10.4,59.6,14.9,13.5,3.5,2.1,34.2,14.8,505,18.7,97.1,18.2,4.98,69.22,11.09,4.35,1.06,0.9,yellow,1.59,2022-10-11,,6-25,MOValley-TP1-Hybrids_25_6,-0.177376080699858,25,6,56.9512838303772,6.04871616962277
1581,MV$HYBRID-HIPS$REP1$PLOT19$ROW27$RANGE6$SOLAR 2,Missouri Valley,Missouri Valley,0,Medium,175,LC_4211,17.5,49,2,27,6,219,PHP02 X PHK56,2022-04-29,,,,,,,,,75,185,24500,12.23,114.77,10.8,58.2,16.2,15.5,4.1,2.6,38.8,15.5,548,25.2,135.5,20.9,4.24,67.31,9.25,3.81,1.21,1.11,yellow,0,2022-10-11,,6-27,MOValley-TP1-Hybrids_27_6,-0.154720917150262,27,6,53.1487206011597,-4.14872060115972
1582,MV$HYBRID-HIPS$REP1$PLOT20$ROW29$RANGE6$B73 X PHN82,Missouri Valley,Missouri Valley,0,Medium,175,LC_4211,17.5,59,2,29,6,220,PHK56 X W606S,2022-04-29,,,,,,,,,94,216,29500,15.84,148.65,10.8,58.9,18.6,17.9,4.4,3,41.8,16,616,25.3,154.8,29,5.14,68.3,9.59,3.66,1.24,1.01,yellow,0,2022-10-11,,6-29,MOValley-TP1-Hybrids_29_6,-0.195419179016535,29,6,59.9797334838063,-0.979733483806271
1583,MV$HYBRID-HIPS$REP1$PLOT21$ROW23$RANGE7$PHK56 X W606S,Missouri Valley,Missouri Valley,0,Medium,175,LC_4211,17.5,60,2,23,7,221,SYNGENTA NK0760-3111,2022-04-29,,,,,,,,,100,205,30000,16.6,155.25,11.1,56.4,16.8,15.6,3.5,2.4,38.8,16,490,20.8,104.2,20.7,6.03,69.57,10.74,4.08,2.35,1.62,yellow,0,2022-10-11,,7-23,MOValley-TP1-Hybrids_23_7,-0.183565016282417,23,7,57.9900677183291,2.00993228167091
1584,MV$HYBRID-HIPS$REP1$PLOT22$ROW25$RANGE7$PHK56 X LH198,Missouri Valley,Missouri Valley,0,Medium,175,LC_4211,17.5,56,2,25,7,222,B73 X PHN82,2022-04-29,,,,,,,,,87,200,28000,17.86,169.11,10,63.3,18.5,17.4,4.6,3.1,42.2,17.5,651,27.2,192.3,32.7,5.32,68.55,8.77,3.81,1.14,1.18,yellow,0,2022-10-11,,7-25,MOValley-TP1-Hybrids_25_7,-0.172288594789491,25,7,56.0973731177234,-0.0973731177234356
1585,MV$HYBRID-HIPS$REP1$PLOT23$ROW27$RANGE7$PHB47 X LH185,Missouri Valley,Missouri Valley,0,Medium,175,LC_4211,17.5,50,2,27,7,223,PHT69 X 3IIH6,2022-04-29,,,,,,,,,83,200,25000,12.9,121.06,10.8,55.2,16,15.4,4,2,31.5,14.5,439,24.4,106.6,19.4,5.37,71.58,10.04,3.92,1.43,1.41,yellow,2,2022-10-11,,7-27,MOValley-TP1-Hybrids_27_7,-0.131165407030646,27,7,49.1950384116568,0.804961588343161
1586,MV$HYBRID-HIPS$REP1$PLOT24$ROW29$RANGE7$2369 X PHN82,Missouri Valley,Missouri Valley,0,Medium,175,LC_4211,17.5,58,2,29,7,224,F42 X OH43,2022-04-29,,,,,,,,,115,220,29000,15.55,146.09,10.7,58,16.2,15.4,4.4,3.2,37.8,18.5,466,24.7,111.8,23.6,5.79,70.95,9.9,3.98,1.04,1.21,yellow,1.72,2022-10-11,,7-29,MOValley-TP1-Hybrids_29_7,-0.190637755854308,29,7,59.177193971778,-1.17719397177801
1587,MV$HYBRID-HIPS$REP1$PLOT25$ROW23$RANGE8$PHP02 X PHG47,Missouri Valley,Missouri Valley,0,Medium,175,LC_4211,17.5,60,2,23,8,225,B105 X 3IIH6,2022-04-29,,,,,,,,,85,168,30000,9.89,92.91,10.7,55.2,17.9,15.6,4,2.6,34.8,17,500,23.3,115.8,19.2,5.28,69.96,9.31,4.46,1.29,1.37,yellow,60,2022-10-11,,8-23,MOValley-TP1-Hybrids_23_8,-0.137212802184055,23,8,50.2100654006503,9.78993459934969
1588,MV$HYBRID-HIPS$REP1$PLOT26$ROW25$RANGE8$LH82 X PHB47,Missouri Valley,Missouri Valley,0,Medium,175,LC_4211,17.5,66,2,25,8,226,B73 X MO17,2022-04-29,,,,,,,,,117,225,33000,17.11,159.3,11.5,56.3,19.5,18.1,4.1,2.5,49.8,14,448,34.6,164.3,24.3,5.71,71.81,8.78,3.93,1.83,1.4,yellow,10.61,2022-10-11,,8-25,MOValley-TP1-Hybrids_25_8,-0.18477422792709,25,8,58.193028236637,7.80697176336305
1589,MV$HYBRID-HIPS$REP1$PLOT27$ROW27$RANGE8$LH82 X PHJ89,Missouri Valley,Missouri Valley,0,Medium,175,LC_4211,17.5,50,2,27,8,227,LH82 X PHB47,2022-04-29,,,,,,,,,78,178,25000,12.32,116.26,10.3,58.5,18.4,16.8,4,2.5,43.2,17.2,484,26.2,135.2,22.8,5.68,66.34,11.08,4.51,1.13,1.24,yellow,8,2022-10-11,,8-27,MOValley-TP1-Hybrids_27_8,-0.185824057543061,27,8,58.3692372269581,-8.3692372269581
1590,MV$HYBRID-HIPS$REP1$PLOT28$ROW29$RANGE8$PHB47 X 3IIH6,Missouri Valley,Missouri Valley,0,Medium,175,LC_4211,17.5,54,2,29,8,228,LH145 X LH162,2022-04-29,,,,,,,,,97,207,27000,16.67,153.8,12.3,59.8,18.6,16.1,3.9,2.2,39.8,15.5,546,27.4,154.9,26.7,5.25,68.84,8.31,4.09,0.89,1.04,yellow,1.85,2022-10-11,,8-29,MOValley-TP1-Hybrids_29_8,-0.168682764290509,29,8,55.4921513352277,-1.49215133522765
1591,MV$HYBRID-HIPS$REP1$PLOT29$ROW23$RANGE9$PHK56 X LH185,Missouri Valley,Missouri Valley,0,Medium,175,LC_4211,17.5,61,2,23,9,229,PHP02 X PHJ89,2022-04-29,,,,,,,,,80,189,30500,14.01,131.47,10.8,55.2,17,16.1,4.6,3,36.8,15.8,482,25,124.8,17.6,5.11,67.6,9.62,4.34,0.91,1.18,yellow,9.84,2022-10-11,,9-23,MOValley-TP1-Hybrids_23_9,-0.156702958419187,23,9,53.4813969568835,7.5186030431165
1592,MV$HYBRID-HIPS$REP1$PLOT30$ROW25$RANGE9$WF9 X H95,Missouri Valley,Missouri Valley,0,Medium,175,LC_4211,17.5,54,2,25,9,230,PHB47 X LH185,2022-04-29,,,,,,,,,83,204,27000,13.87,130.89,10.3,57.3,18.4,16.5,3.9,2.4,44,12.5,370,33.4,123.5,20.2,5.64,66.09,11.27,4.04,1.71,1.15,yellow,5.56,2022-10-11,,9-25,MOValley-TP1-Hybrids_25_9,-0.15063593676668,25,9,52.463075751822,1.53692424817798
1593,MV$HYBRID-HIPS$REP1$PLOT31$ROW27$RANGE9$SOLAR 4,Missouri Valley,Missouri Valley,0,Medium,175,LC_4211,17.5,62,2,27,9,231,2369 X PHZ51,2022-04-29,,,,,,,,,104,231,31000,11.43,107.62,10.5,60.9,16.2,15.1,3,2,33.5,13.8,378,22.4,85.1,16.6,5.05,69.21,10.62,4.25,0.41,0.99,yellow,3.23,2022-10-11,,9-27,MOValley-TP1-Hybrids_27_9,-0.188861229202679,27,9,58.879012283245,3.12098771675497
1594,MV$HYBRID-HIPS$REP1$PLOT32$ROW29$RANGE9$LH74 X PHM49,Missouri Valley,Missouri Valley,0,Medium,175,LC_4211,17.5,50,2,29,9,232,PIONEER P0589 AMXT,2022-04-29,,,,,,,,,83,193,25000,15.68,148.3,10.1,60.5,17.9,15.5,4.1,2.5,36.8,14,454,26.6,125.2,19.3,5.28,69.67,7.87,3.94,0.8,1.09,yellow,8,2022-10-11,,9-29,MOValley-TP1-Hybrids_29_9,-0.16296529287196,29,9,54.5325005018677,-4.53250050186767
1595,MV$HYBRID-HIPS$REP1$PLOT33$ROW23$RANGE10$PHN46 X W606S,Missouri Valley,Missouri Valley,0,Medium,175,LC_4211,17.5,57,2,23,10,233,PHP02 X LH145,2022-04-29,,,,,,,,,93,185,28500,13.69,128.9,10.5,56.4,18.4,17,3.9,2.6,43,14,478,28,138.3,26.2,5,65.51,11.22,4.02,1.57,1.26,yellow,0,2022-10-11,,10-23,MOValley-TP1-Hybrids_23_10,-0.120405226888524,23,10,47.3889925069951,9.61100749300489
1596,MV$HYBRID-HIPS$REP1$PLOT34$ROW25$RANGE10$B37 X MO17,Missouri Valley,Missouri Valley,0,Medium,175,LC_4211,17.5,41,2,25,10,234,PHN46 X PHB47,2022-04-29,,,,,,,,,95,192,20500,14.9,140.61,10.3,58.7,18.2,15.6,4.4,2.6,38.2,13.5,467,31.8,142.2,23.5,5.22,70.68,10.1,4.19,1,0.93,yellow,0,2022-10-11,,10-25,MOValley-TP1-Hybrids_25_10,-0.148172866592478,25,10,52.0496609444251,-11.0496609444251
1597,MV$HYBRID-HIPS$REP1$PLOT35$ROW27$RANGE10$LH195 X PHZ51,Missouri Valley,Missouri Valley,0,Medium,175,LC_4211,17.5,63,2,27,10,235,WF9 X H95,2022-04-29,,,,,,,,,90,214,31500,9.59,89.59,11.2,59.1,16.6,14.8,3.9,2.5,37.2,16.5,466,19.4,90.4,16.3,5.58,69.77,11.79,4.53,0.81,1.06,yellow,0,2022-10-11,,10-27,MOValley-TP1-Hybrids_27_10,-0.212579988991242,27,10,62.8600951660583,0.139904833941671
1598,MV$HYBRID-HIPS$REP1$PLOT36$ROW29$RANGE10$PHB47 X PHK56,Missouri Valley,Missouri Valley,0,Medium,175,LC_4211,17.5,58,2,29,10,236,PHB47 X 3IIH6,2022-04-29,,,,,,,,,91,209,29000,12.96,121.76,10.7,56.1,19,15.9,3.6,2,38.8,14,469,25.8,120.1,21,5.21,67.03,9.62,4.01,1.35,1.16,yellow,3.45,2022-10-11,,10-29,MOValley-TP1-Hybrids_29_10,-0.173630908269492,29,10,56.3226741564893,1.67732584351069
1599,MV$HYBRID-HIPS$REP1$PLOT37$ROW23$RANGE11$PHP02 X LH185,Missouri Valley,Missouri Valley,0,Medium,175,LC_4211,17.5,51,2,23,11,237,LH82 X W606S,2022-04-29,,,,,,,,,88,209,25500,16.09,150.82,10.9,57.3,17.5,15,3.9,2.5,37.2,17.5,478,21.8,111.4,19,5.61,70.05,9.34,3.86,0.8,1.18,orange,0,2022-10-11,,11-23,MOValley-TP1-Hybrids_23_11,-0.149126403498116,23,11,52.209707653739,-1.20970765373896
1600,MV$HYBRID-HIPS$REP1$PLOT38$ROW25$RANGE11$B37 X H95,Missouri Valley,Missouri Valley,0,Medium,175,LC_4211,17.5,55,2,25,11,238,HOEGEMEYER 8065RR,2022-04-29,,,,,,,,,102,204,27500,18.83,176.51,10.9,57.3,18.8,18.2,4.4,2.6,46.2,14.5,561,31.8,178.1,22.8,5.22,69.13,9.49,3.82,1.36,1.18,yellow,5.45,2022-10-11,,11-25,MOValley-TP1-Hybrids_25_11,-0.163374208632935,25,11,54.6011350995887,0.398864900411283
1601,MV$HYBRID-HIPS$REP1$PLOT39$ROW27$RANGE11$LH123HT X 3IIH6,Missouri Valley,Missouri Valley,0,Medium,175,LC_4211,17.5,62,2,27,11,239,B73 X 3IIH6,2022-04-29,,,,,,,,,86,191,31000,11.09,104.07,10.8,54.5,16.6,15.2,4.5,2.9,35.5,19,545,26.5,145,23.5,5.56,64.9,9.08,4.75,1.95,1.57,yellow,48.39,2022-10-11,,11-27,MOValley-TP1-Hybrids_27_11,-0.14917359628512,27,11,52.217628742287,9.78237125771305
1602,MV$HYBRID-HIPS$REP1$PLOT40$ROW29$RANGE11$PHZ51 X LH145,Missouri Valley,Missouri Valley,0,Medium,175,LC_4211,17.5,62,2,29,11,240,4N506 X 3IIH6,2022-04-29,,,,,,,,,102,206,31000,14.42,135.17,10.9,55.3,16.8,14.5,4.4,2.4,31.5,16.5,468,28,132.7,21.5,5.14,69.28,8.53,4.28,1.42,1.38,yellow,3.23,2022-10-11,,11-29,MOValley-TP1-Hybrids_29_11,-0.201435560721549,29,11,60.9895550105562,1.01044498944377
1603,MV$HYBRID-HIPS$REP1$PLOT41$ROW23$RANGE12$COMMERCIAL HYBRID 5,Missouri Valley,Missouri Valley,0,Medium,175,LC_4211,17.5,60,2,23,12,241,PIONEER 1311 AMXT,2022-04-29,,,,,,,,,95,201,30000,20.83,195.47,10.8,59.5,20.9,19.1,5,3.1,40.2,18,709,31.6,229.1,26.2,5.35,69.21,8.28,4.02,0.97,1.18,yellow,0,2022-10-11,,12-23,MOValley-TP1-Hybrids_23_12,-0.196924950846958,23,12,60.232470242092,-0.232470242092006
1604,MV$HYBRID-HIPS$REP1$PLOT42$ROW25$RANGE12$LH195 X 3IIH6,Missouri Valley,Missouri Valley,0,Medium,175,LC_4211,17.5,51,2,25,12,242,PHK56 X PHJ89,2022-04-29,,,,,,,,,70,208,25500,17.23,162.05,10.6,58.7,15.9,15.6,4.2,2.6,38,16,508,26.1,136.5,20.6,5.78,67.45,9.09,4.37,0.96,1.07,yellow,3.92,2022-10-11,,12-25,MOValley-TP1-Hybrids_25_12,-0.160385684510331,25,12,54.0995253048342,-3.09952530483417
1605,MV$HYBRID-HIPS$REP1$PLOT43$ROW27$RANGE12$LH145 X LH162,Missouri Valley,Missouri Valley,0,Medium,175,LC_4211,17.5,52,2,27,12,243,PHP02 X PHK76,2022-04-29,,,,,,,,,67,170,26000,14.45,136.21,10.4,59.8,17.4,16.4,4,2.8,39.2,13,405,31.9,132.9,24.3,5.19,67.37,9.59,4.43,1.06,1.17,orange,9.62,2022-10-11,,12-27,MOValley-TP1-Hybrids_27_12,-0.164543180368055,27,12,54.7973415373057,-2.7973415373057
1606,MV$HYBRID-HIPS$REP1$PLOT44$ROW29$RANGE12$F42 X OH43,Missouri Valley,Missouri Valley,0,Medium,175,LC_4211,17.5,66,2,29,12,244,LH123HT X PHB47,2022-04-29,,,,,,,,,94,219,33000,14.44,136.27,10.3,59.8,16.5,15.4,4.2,2.6,38.2,14,361,,146.6,27.5,5.37,69.03,11.03,4.26,1.43,0.91,yellow,4.55,2022-10-11,,12-29,MOValley-TP1-Hybrids_29_12,-0.194797786930735,29,12,59.87543572885,6.12456427114999
1607,MV$HYBRID-HIPS$REP1$PLOT45$ROW23$RANGE13$COMMERCIAL HYBRID 4,Missouri Valley,Missouri Valley,0,Medium,175,LC_4211,17.5,58,2,23,13,245,B73 X PHM49,2022-04-29,,,,,,,,,,216,29000,17.79,166.76,10.9,59.9,18.5,17.8,4.4,2.5,42,16,536,31,171.9,28.3,5.41,68.16,9.08,3.86,1.4,1.12,yellow,3.45,2022-10-11,,13-23,MOValley-TP1-Hybrids_23_13,-0.187454485229004,23,13,58.6428968874983,-0.642896887498289
1608,MV$HYBRID-HIPS$REP1$PLOT46$ROW25$RANGE13$B84 X 3IIH6,Missouri Valley,Missouri Valley,0,Medium,175,LC_4211,17.5,,2,25,13,246,LH185 X LH145,2022-04-29,,,,,,,,,87,204,,,,,,18.9,17.9,4.5,2.9,38.2,17.5,579,31.2,189.1,24.1,5.03,68.86,8.5,3.93,0.85,1.19,yellow,,-Inf,,13-25,,,,,,
1609,MV$HYBRID-HIPS$REP1$PLOT47$ROW27$RANGE13$B105 X 3IIH6,Missouri Valley,Missouri Valley,0,Medium,175,LC_4211,17.5,45,2,27,13,247,PHK56 X LH185,2022-04-29,,,,,,,,,70,200,22500,14.82,138.92,10.9,57.5,15.4,15.4,4,2.4,37.8,13,339,32.9,112.5,19.6,5.66,71.83,9.25,3.53,1.55,1.11,yellow,0,2022-10-11,,13-27,MOValley-TP1-Hybrids_27_13,-0.163522526074808,27,13,54.6260294884323,-9.62602948843227
1610,MV$HYBRID-HIPS$REP1$PLOT48$ROW29$RANGE13$LH195 X LH123HT,Missouri Valley,Missouri Valley,0,Medium,175,LC_4211,17.5,49,2,29,13,248,PHP02 X LH185,2022-04-29,,,,,,,,,78,171,24500,17.45,163.57,10.9,55.6,19.4,18.9,4.5,3.1,42.5,14.5,558,30.1,171.3,28.2,5.01,66.62,9.77,3.91,1.52,1.22,yellow,2.04,2022-10-11,,13-29,MOValley-TP1-Hybrids_29_13,-0.156669018721193,29,13,53.4757003373327,-4.47570033733273
1611,MV$HYBRID-HIPS$REP1$PLOT49$ROW23$RANGE14$PHK76 X 3IIH6,Missouri Valley,Missouri Valley,0,Medium,175,LC_4211,17.5,48,2,23,14,249,PHN46 X PHK56,2022-04-29,,,,,,,,,86,213,24000,13.93,130.72,10.8,57.7,16.9,17,4.4,2.9,40.8,17.5,580,23.4,142.7,27.7,5.39,70.73,10.27,3.95,1.64,1.33,yellow,8.33,2022-10-11,,14-23,MOValley-TP1-Hybrids_23_14,-0.161341420344904,23,14,54.259941094084,-6.25994109408403
1612,MV$HYBRID-HIPS$REP1$PLOT50$ROW25$RANGE14$4N506 X 3IIH6,Missouri Valley,Missouri Valley,0,Medium,175,LC_4211,17.5,,2,25,14,250,LH185 X W606S,2022-04-29,,,,,,,,,88,184,,,,,,19.4,19.4,4.5,2.8,37.8,17.5,584,33.7,199.2,25.6,5.51,68.75,8.56,4.41,0.74,1.2,yellow,,-Inf,,14-25,,,,,,
1613,MV$HYBRID-HIPS$REP1$PLOT51$ROW27$RANGE14$SOLAR 3,Missouri Valley,Missouri Valley,0,Medium,175,LC_4211,17.5,,2,27,14,251,PHG39 X PHN82,2022-04-29,,,,,,,,,77,186,,,,,,19.4,18.4,4.2,2.9,35,17,550,30.4,167.6,20.6,5.25,69.41,7.89,3.72,0.89,1.07,yellow,,-Inf,,14-27,,,,,,
1614,MV$HYBRID-HIPS$REP1$PLOT52$ROW29$RANGE14$LH198 X PHZ51,Missouri Valley,Missouri Valley,0,Medium,175,LC_4211,17.5,51,2,29,14,252,PHP02 X W606S,2022-04-29,,,,,,,,,75,193,25500,18.4,172.67,10.8,57.6,20.9,19.4,4.4,3.5,42.5,16,629,31.5,193.1,33.3,5.32,68.71,9.02,4.08,0.96,1.03,,3.92,2022-10-11,,14-29,MOValley-TP1-Hybrids_29_14,-0.151738112007514,29,14,52.6480707104227,-1.64807071042271
1615,MV$HYBRID-HIPS$REP1$PLOT53$ROW23$RANGE15$PHK76 X LH145,Missouri Valley,Missouri Valley,0,Medium,175,LC_4211,17.5,,2,23,15,253,PHB47 X PHJ89,2022-04-29,,,,,,,,,77,185,,,,,,19.2,19.4,4.5,2.5,40.8,17.5,623,33.7,,25.3,5.24,68.68,8.52,4.18,0.91,1.18,yellow,,-Inf,,15-23,,,,,,
1616,MV$HYBRID-HIPS$REP1$PLOT54$ROW25$RANGE15$PHG39 X PHM49,Missouri Valley,Missouri Valley,0,Medium,175,LC_4211,17.5,57,2,25,15,254,PHW52 X PHM49,2022-04-29,,,,,,,,,102,216,28500,17.09,159.66,11.2,61.5,19.5,19.8,3.9,2.4,41.5,13.5,532,27.8,147.1,20.7,5.24,72.67,7.91,4.52,0.2,0.92,yellow,5.26,2022-10-11,,15-25,MOValley-TP1-Hybrids_25_15,-0.190735489575112,25,15,59.1935981196523,-2.19359811965229
1617,MV$HYBRID-HIPS$REP1$PLOT55$ROW27$RANGE15$PHP02 X PHB47,Missouri Valley,Missouri Valley,0,Medium,175,LC_4211,17.5,50,2,27,15,255,PHK76 X LH145,2022-04-29,,,,,,,,,93,182,25000,12.73,120.8,9.8,63.4,18.9,19.1,3.8,2.5,43.5,14,566,21.2,120.9,25.6,5.9,70.27,10.42,4.22,0.94,1.03,orange,2,2022-10-11,,15-27,MOValley-TP1-Hybrids_27_15,-0.14019226738184,27,15,50.7101546972483,-0.710154697248335
1618,MV$HYBRID-HIPS$REP1$PLOT56$ROW29$RANGE15$PHW52 X PHM49,Missouri Valley,Missouri Valley,0,Medium,175,LC_4211,17.5,65,2,29,15,256,PHJ40 X LH82,2022-04-29,,,,,,,,,87,176,32500,17.47,164.49,10.5,58.7,17,15.4,4.2,2.8,37.5,17,572,23.1,138.6,25.1,5.29,68.57,9.34,4.19,0.6,1.08,red,0,2022-10-11,,15-29,MOValley-TP1-Hybrids_29_15,-0.177839709239486,29,15,57.0291017120688,7.97089828793122
1619,MV$HYBRID-HIPS$REP1$PLOT57$ROW23$RANGE16$PHN46 X PHB47,Missouri Valley,Missouri Valley,0,Medium,175,LC_4211,17.5,45,2,23,16,257,PHK56 X 3IIH6,2022-04-29,,,,,,,,,72,197,22500,15.61,146.49,10.8,57.6,17.9,18,4.4,2.5,42.2,15.5,595,30.2,172.1,28.2,5.15,67.28,8.66,3.74,1.39,1.26,yellow,17.78,2022-10-11,,16-23,MOValley-TP1-Hybrids_23_16,-0.124818342415522,23,16,48.1297133052588,-3.12971330525881
1620,MV$HYBRID-HIPS$REP1$PLOT58$ROW25$RANGE16$LH195 X PHM49,Missouri Valley,Missouri Valley,0,Medium,175,LC_4211,17.5,57,2,25,16,258,LH195 X PHZ51,2022-04-29,,,,,,,,,116,230,28500,19.25,180.65,10.8,61.8,21.1,21.1,4.1,2.5,46,13.5,590,31.4,187.5,37.4,5.29,70.5,9.64,4.49,0.95,1.1,yellow,0,2022-10-11,,16-25,MOValley-TP1-Hybrids_25_16,-0.206052563236025,25,16,61.7644972859592,-4.76449728595924
1621,MV$HYBRID-HIPS$REP1$PLOT59$ROW27$RANGE16$B73 X MO17,Missouri Valley,Missouri Valley,0,Medium,175,LC_4211,17.5,,2,27,16,259,PHK56 X LH145,2022-04-29,,,,,,,,,93,195,,,,,,19,19.1,4.4,2.8,38,17,583,33.1,196.1,24,5.28,69.19,7.57,3.89,0.96,1.11,yellow,,-Inf,,16-27,,,,,,
1622,MV$HYBRID-HIPS$REP1$PLOT60$ROW29$RANGE16$B73 X PHM49,Missouri Valley,Missouri Valley,0,Medium,175,LC_4211,17.5,48,2,29,16,260,PHK56 X LH198,2022-04-29,,,,,,,,,80,212,24000,17.87,167.88,10.7,60.6,15.8,15,4.4,2.5,40.2,16.5,505,27.3,137.4,24.9,5.38,71.46,7.79,3.75,1.28,1.13,yellow,4.17,2022-10-11,,16-29,MOValley-TP1-Hybrids_29_16,-0.179138892793893,29,16,57.2471635945698,-9.24716359456975
1623,MV$HYBRID-HIPS$REP1$PLOT61$ROW23$RANGE17$PHN46 X PHK56,Missouri Valley,Missouri Valley,0,Medium,175,LC_4211,17.5,61,2,23,17,261,PHW52 X PHN82,2022-04-29,,,,,,,,,78,193,30500,19.63,182.77,11.5,61.7,18.2,18.2,4.2,2.6,39.5,17,580,28.7,164.2,24.1,4.78,71.57,8.44,4.36,0.41,0.98,yellow,3.28,2022-10-11,,17-23,MOValley-TP1-Hybrids_23_17,-0.183897890381708,23,17,58.0459390788316,2.95406092116839
1624,MV$HYBRID-HIPS$REP1$PLOT62$ROW25$RANGE17$2FACC X 3IIH6,Missouri Valley,Missouri Valley,0,Medium,175,LC_4211,17.5,50,2,25,17,262,2FACC X 3IIH6,2022-04-29,,,,,,,,,72,170,25000,15.75,148.13,10.6,55.7,18.1,18.2,4.2,2.6,38.2,16,550,23.3,127.3,26.2,5.49,69.24,10.57,4.08,1.73,1.48,yellow,0,2022-10-11,,17-25,MOValley-TP1-Hybrids_25_17,-0.152138123212412,25,17,52.7152107200585,-2.71521072005849
1625,MV$HYBRID-HIPS$REP1$PLOT63$ROW27$RANGE17$B73 X 3IIH6,Missouri Valley,Missouri Valley,0,Medium,175,LC_4211,17.5,43,2,27,17,263,PHP02 X PHB47,2022-04-29,,,,,,,,,83,195,21500,13.02,121.22,11.5,55.3,19.1,19.2,4.4,2.5,45.2,14.5,622,27.2,168.5,27.6,5.26,67.33,9.59,3.99,1.43,1.2,yellow,4.65,2022-10-11,,17-27,MOValley-TP1-Hybrids_27_17,-0.154304902979307,27,17,53.0788945685273,-10.0788945685273
1626,MV$HYBRID-HIPS$REP1$PLOT65$ROW23$RANGE18$PHP02 X PHK56,Missouri Valley,Missouri Valley,0,Medium,175,LC_4211,17.5,59,2,23,18,265,LH82 X PHJ89,2022-04-29,,,,,,,,,84,186,29500,21.34,200.71,10.6,59,15.8,,4,2,39.2,16.5,566,24,135.3,16.9,5.51,68.72,8.09,4.38,0.5,1.16,yellow,5.08,2022-10-11,,18-23,MOValley-TP1-Hybrids_23_18,-0.168837366130933,23,18,55.5181005309719,3.48189946902813
1627,MV$HYBRID-HIPS$REP1$PLOT66$ROW25$RANGE18$PHB47 X PHJ89,Missouri Valley,Missouri Valley,0,Medium,175,LC_4211,17.5,52,2,25,18,266,HOEGEMEYER 7089 AMXT,2022-04-29,,,,,,,,,92,203,26000,21.86,206.52,10.2,60.6,20.5,,4,2.1,43.8,13,566,36.1,197.2,28.6,4.61,68.42,9.56,3.31,1.12,1.15,yellow,1.92,2022-10-11,,18-25,MOValley-TP1-Hybrids_25_18,-0.14952392527918,25,18,52.2764298252288,-0.276429825228817
1628,MV$HYBRID-HIPS$REP1$PLOT67$ROW27$RANGE18$PHG39 X PHN82,Missouri Valley,Missouri Valley,0,Medium,175,LC_4211,17.5,53,2,27,18,267,2369 X 3IIH6,2022-04-29,,,,,,,,,85,184,26500,16.57,156.54,10.2,58.1,16.8,16.8,4.4,2.6,36.2,18.5,630,20,125.4,20.7,5.4,72.31,8.4,4.05,1.78,1.36,yellow,3.77,2022-10-11,,18-27,MOValley-TP1-Hybrids_27_18,-0.165663564148549,27,18,54.9853927141154,-1.98539271411542
1629,MV$HYBRID-HIPS$REP1$PLOT68$ROW29$RANGE18$B14A X MO17,Missouri Valley,Missouri Valley,0,Medium,175,LC_4211,17.5,54,2,29,18,268,LH195 X PHM49,2022-04-29,,,,,,,,,65,184,27000,12.36,116.64,10.3,60.8,16.6,16.8,3.5,2.2,37.5,13,500,20.3,101,15.7,4.81,71.76,8.01,4.34,0.41,0.94,yellow,3.7,2022-10-11,,18-29,MOValley-TP1-Hybrids_29_18,-0.14028810413866,29,18,50.7262404485912,3.27375955140878
1630,MV$HYBRID-HIPS$REP1$PLOT69$ROW23$RANGE19$PHP02 X LH82,Missouri Valley,Missouri Valley,0,Medium,175,LC_4211,17.5,64,2,23,19,269,LH74 X PHM49,2022-04-29,,,,,,,,,90,194,32000,19.85,188.37,9.8,62.4,17,,3.8,2.1,37.5,14.5,486,27.9,132.3,19.5,5.24,68.6,8.5,3.66,1.09,0.97,yellow,0,2022-10-11,,19-23,MOValley-TP1-Hybrids_23_19,-0.189463023343255,23,19,58.9800206147675,5.01997938523253
1631,MV$HYBRID-HIPS$REP1$PLOT70$ROW25$RANGE19$2369 X 3IIH6,Missouri Valley,Missouri Valley,0,Medium,175,LC_4211,17.5,39,2,25,19,270,PHP02 X LH198,2022-04-29,,,,,,,,,91,187,19500,15.95,150.18,10.5,59.8,16.9,14.5,4.4,2.6,36.8,15,459,32,166.4,31.4,4.94,66.64,10.89,3.87,1.43,1.13,yellow,0,2022-10-11,,19-25,MOValley-TP1-Hybrids_25_19,-0.164564385368986,25,19,54.8009006975227,-15.8009006975227
1632,MV$HYBRID-HIPS$REP1$PLOT71$ROW27$RANGE19$SOLAR 1,Missouri Valley,Missouri Valley,0,Medium,175,LC_4211,17.5,63,2,27,19,271,LH195 X 3IIH6,2022-04-29,,,,,,,,,74,177,31500,17.08,159.92,11,58.1,19.6,,4.2,2.5,39.8,17.5,655,28,179.8,27.4,4.78,69.42,8.13,4.17,1.32,1.35,yellow,3.17,2022-10-11,,19-27,MOValley-TP1-Hybrids_27_19,-0.188324621915096,27,19,58.7889452600772,4.21105473992284
1633,MV$HYBRID-HIPS$REP1$PLOT72$ROW29$RANGE19$F42 X MO17,Missouri Valley,Missouri Valley,0,Medium,175,LC_4211,17.5,65,2,29,19,272,LH198 X PHZ51,2022-04-29,,,,,,,,,103,204,32500,15.53,144.92,11.3,62,17.9,,3.6,2.1,34,12.2,432,30,127.7,28.8,4.68,70.08,8.95,3.37,1.22,0.99,yellow,1.54,2022-10-11,,19-29,MOValley-TP1-Hybrids_29_19,-0.21520759550094,29,19,63.3011266277274,1.6988733722726
1634,MV$HYBRID-HIPS$REP1$PLOT73$ROW23$RANGE20$PHK76 X LH198,Missouri Valley,Missouri Valley,0,Medium,175,LC_4211,17.5,61,2,23,20,273,B14A X MO17,2022-04-29,,,,,,,,,105,201,30500,17.92,166.09,11.9,57,17.1,,3.8,2.5,39,14,527,23.6,125.2,21.1,5.56,71.87,7.83,3.99,1.85,1.25,yellow,11.48,2022-10-11,,20-23,MOValley-TP1-Hybrids_23_20,-0.185811013726411,23,20,58.3670478833476,2.63295211665239
1635,MV$HYBRID-HIPS$REP1$PLOT74$ROW25$RANGE20$PHT69 X 3IIH6,Missouri Valley,Missouri Valley,0,Medium,175,LC_4211,17.5,63,2,25,20,274,PHK76 X LH82,2022-04-29,,,,,,,,,79,171,31500,19.13,179.72,10.7,61.1,16,,4,2.5,33,17,526,24.5,119.5,17.3,5.27,68.33,9,4.09,0.85,1.09,orange,0,2022-10-11,,20-25,MOValley-TP1-Hybrids_25_20,-0.154143634946526,25,20,53.051826483578,9.94817351642202
1636,MV$HYBRID-HIPS$REP1$PLOT75$ROW27$RANGE20$B37 X OH43,Missouri Valley,Missouri Valley,0,Medium,175,LC_4211,17.5,62,2,27,20,275,2369 X LH123HT,2022-04-29,,,,,,,,,120,244,31000,14.45,134.23,11.7,60.4,17.8,,4.2,2.8,41.2,15,596,25.7,153.6,28.2,5.33,70.89,9.78,3.96,0.98,0.89,yellow,3.23,2022-10-11,,20-27,MOValley-TP1-Hybrids_27_20,-0.203137482865057,27,20,61.2752146813738,0.724785318626246
1637,MV$HYBRID-HIPS$REP1$PLOT78$ROW25$RANGE21$PHK56 X 3IIH6,Missouri Valley,Missouri Valley,0,Medium,175,LC_4211,17.5,49,2,25,21,278,PHK56 X LH82,2022-04-29,,,,,,,,,93,196,24500,20.03,188.39,10.6,59.4,15.6,,4.1,2.2,39.2,18,671,22.6,145.3,23.7,4.91,68.55,7.82,4.07,1.02,1.12,yellow,0,2022-10-11,,21-25,MOValley-TP1-Hybrids_25_21,-0.187317971289431,25,21,58.6199836613033,-9.61998366130332
1638,MV$HYBRID-HIPS$REP1$PLOT79$ROW27$RANGE21$LH198 X PHB47,Missouri Valley,Missouri Valley,0,Medium,175,LC_4211,17.5,65,2,27,21,279,N209 X 3IIH6,2022-04-29,,,,,,,,,92,200,32500,18.33,171.24,11.2,56.2,16.2,,4.2,2.5,36.5,17.5,588,27.6,163.3,26.1,4.92,70.26,8.93,4.5,1.83,1.38,yellow,4.62,2022-10-11,,21-27,MOValley-TP1-Hybrids_27_21,-0.186473878898963,27,21,58.4783067019192,6.52169329808076
1639,MV$HYBRID-HIPS$REP1$PLOT80$ROW29$RANGE21$2369 X PHP02,Missouri Valley,Missouri Valley,0,Medium,175,LC_4211,17.5,67,2,29,21,280,B37 X H95,2022-04-29,,,,,,,,,81,207,33500,14.26,133.97,10.7,63,13.4,,3.6,2.4,28.8,16,360,21.5,76.6,17.6,5.1,70.58,8.38,4.69,0.99,0.92,yellow,1.49,2022-10-11,,21-29,MOValley-TP1-Hybrids_29_21,-0.211469307295586,29,21,62.6736724388059,4.32632756119415
1640,MV$HYBRID-HIPS$REP1$PLOT81$ROW23$RANGE22$PHK56 X PHJ89,Missouri Valley,Missouri Valley,0,Medium,175,LC_4211,17.5,54,2,23,22,281,PHP02 X PHG47,2022-04-29,,,,,,,,,80,196,27000,17.14,161.93,10.2,59,18.5,,4.5,2.9,39.2,16.5,606,24.3,146.3,22.3,5.17,67.53,8.35,4.4,0.98,1.19,yellow,3.7,2022-10-11,,22-23,MOValley-TP1-Hybrids_23_22,-0.175800914579233,23,22,56.6868995650822,-2.68689956508224
1641,MV$HYBRID-HIPS$REP1$PLOT82$ROW25$RANGE22$LH185 X W606S,Missouri Valley,Missouri Valley,0,Medium,175,LC_4211,17.5,54,2,25,22,282,F42 X MO17,2022-04-29,,,,,,,,,105,206,27000,18.64,172.77,11.9,58.6,21.4,,4.6,3.1,51.5,16,787,26.4,,29.1,5.93,72.95,6.73,4.17,1.36,1.21,yellow,3.7,2022-10-11,,22-25,MOValley-TP1-Hybrids_25_22,-0.182637984709182,25,22,57.8344698050768,-3.83446980507678
1642,MV$HYBRID-HIPS$REP1$PLOT83$ROW27$RANGE22$LH123HT X PHB47,Missouri Valley,Missouri Valley,0,Medium,175,LC_4211,17.5,64,2,27,22,283,B37 X OH43,2022-04-29,,,,,,,,,95,211,32000,16.05,150.28,11,59.9,17.4,,4.1,2.8,41.8,16.5,615,24.9,145.1,25.5,5.78,66.62,9.4,4.21,1.43,1.05,yellow,0,2022-10-11,,22-27,MOValley-TP1-Hybrids_27_22,-0.22194771428232,27,22,64.4324240373676,-0.432424037367639
1643,MV$HYBRID-HIPS$REP1$PLOT84$ROW29$RANGE22$PHK56 X LH82,Missouri Valley,Missouri Valley,0,Medium,175,LC_4211,17.5,48,2,29,22,284,LH185 X LH82,2022-04-29,,,,,,,,,62,174,24000,18.19,171.47,10.4,59.7,18.4,,4.9,3.2,40.2,17.5,650,25.8,166.6,23.7,5.66,68.62,7.8,3.94,1.19,1.14,yellow,2.08,2022-10-11,,22-29,MOValley-TP1-Hybrids_29_22,-0.172337736997684,29,22,56.1056214074993,-8.10562140749933
1644,MV$HYBRID-HIPS$REP1$PLOT85$ROW23$RANGE23$COMMERCIAL HYBRID 2,Missouri Valley,Missouri Valley,0,Medium,175,LC_4211,17.5,61,2,23,23,285,B84 X 3IIH6,2022-04-29,,,,,,,,,130,217,30500,12.04,112.61,11.1,57.6,17.1,,4,2.6,37.5,16.5,586,26.5,147.4,27.9,5.72,72.42,7.25,3.72,1.58,1.3,yellow,4.92,2022-10-11,,23-23,MOValley-TP1-Hybrids_23_23,-0.193320318064701,23,23,59.627449490746,1.37255050925397
1645,MV$HYBRID-HIPS$REP1$PLOT86$ROW25$RANGE23$PHP02 X PHJ89,Missouri Valley,Missouri Valley,0,Medium,175,LC_4211,17.5,60,2,25,23,286,LH195 X LH185,2022-04-29,,,,,,,,,93,211,30000,18.72,175.48,10.9,59.3,15.4,,3.8,2,36,16.2,488,25.6,116.5,15.6,5.86,68.93,7.47,4.25,0.96,1.06,yellow,0,2022-10-11,,23-25,MOValley-TP1-Hybrids_25_23,-0.193376714801539,25,23,59.636915419221,0.363084580779045
1646,MV$HYBRID-HIPS$REP1$PLOT87$ROW27$RANGE23$PHP02 X LH198,Missouri Valley,Missouri Valley,0,Medium,175,LC_4211,17.5,60,2,27,23,287,PHW52 X LH185,2022-04-29,,,,,,,,,75,192,30000,17.79,166.2,11.2,59.5,18.6,,4.5,2.6,40.8,13.8,509,32.1,164.2,21.5,5.63,69.98,7.52,4.53,0.97,1.26,yellow,1.67,2022-10-11,,23-27,MOValley-TP1-Hybrids_27_23,-0.179738320698763,27,23,57.3477747644973,2.65222523550267
1647,MV$HYBRID-HIPS$REP1$PLOT88$ROW29$RANGE23$PHJ40 X LH82,Missouri Valley,Missouri Valley,0,Medium,175,LC_4211,17.5,66,2,29,23,288,PHZ51 X LH145,2022-04-29,,,,,,,,,92,224,33000,15.7,148.65,10,60.3,19.2,,3.6,2.4,41.5,14.5,600,22.7,125.6,25.9,5.5,68.72,8.15,3.52,1.16,1.08,yellow,6.06,2022-10-11,,23-29,MOValley-TP1-Hybrids_29_23,-0.200737635557205,29,23,60.8724115363602,5.12758846363985
0,,Missouri Valley,,,,0,LC_4211,,,,27,4,,,,,,,,,,,,,,,,,,,,,,,,,,,,,,,,,,,,,,,4-27,,,,,,
1,,Missouri Valley,,,,0,LC_4211,,,,29,17,,,,,,,,,,,,,,,,,,,,,,,,,,,,,,,,,,,,,,,17-29,,,,,,
2,,Missouri Valley,,,,0,LC_4211,,,,29,20,,,,,,,,,,,,,,,,,,,,,,,,,,,,,,,,,,,,,,,20-29,,,,,,
3,,Missouri Valley,,,,0,LC_4211,,,,23,21,,,,,,,,,,,,,,,,,,,,,,,,,,,,,,,,,,,,,,,21-23,,,,,,
4,,Missouri Valley,,,,0,LC_4211,,,,27,28,,,,,,,,,,,,,,,,,,,,,,,,,,,,,,,,,,,,,,,28-27,,,,,,
5,,Missouri Valley,,,,0,LC_4211,,,,27,31,,,,,,,,,,,,,,,,,,,,,,,,,,,,,,,,,,,,,,,31-27,,,,,,
6,,Missouri Valley,,,,0,LC_4211,,,,27,36,,,,,,,,,,,,,,,,,,,,,,,,,,,,,,,,,,,,,,,36-27,,,,,,
7,,Missouri Valley,,,,0,LC_4211,,,,27,41,,,,,,,,,,,,,,,,,,,,,,,,,,,,,,,,,,,,,,,41-27,,,,,,
