location,model,Date,image,time,r2_mean,count,r2_sd,r2_se
Ames,GB,2022-07-12,UAV,TP1,0.116200694442517,5,0.0746425520245452,0.0333811640681895
Ames,GB,2022-07-15,Satellite,TP1,0.0438488679083798,5,0.0240952236279411,0.0107757115930271
Ames,GB,2022-07-23,Satellite,TP2,0.0863521381909293,5,0.0178566842972136,0.00798575198826453
Ames,GB,2022-07-26,UAV,TP2,0.123604959572101,5,0.0449609572089935,0.0201071513305538
Ames,GB,2022-08-10,Satellite,TP3,0.313517281321092,5,0.0692391690238782,0.0309646977285979
Ames,GB,2022-08-10,UAV,TP3,0.372361501009812,5,0.0602904054453241,0.0269626889933536
Ames,GB,2022-08-31,Satellite,TP4,0.325433265514115,5,0.0870757416365171,0.0389414554980922
Ames,GB,2022-09-11,Satellite,TP5,0.245068030733685,5,0.126700244340332,0.0566620718221632
Ames,GB,2022-09-24,Satellite,TP6,0.0621090835872416,5,0.0639682723559591,0.028607481078229
Ames,LASSO,2022-07-12,UAV,TP1,0.102675383149196,5,0.0688082304764717,0.0307719761513727
Ames,LASSO,2022-07-15,Satellite,TP1,NA,5,NA,NA
Ames,LASSO,2022-07-23,Satellite,TP2,NA,5,NA,NA
Ames,LASSO,2022-07-26,UAV,TP2,0.197958506646326,5,0.0449455218382618,0.020100248422911
Ames,LASSO,2022-08-10,Satellite,TP3,NA,5,NA,NA
Ames,LASSO,2022-08-10,UAV,TP3,0.45145658444682,5,0.0800610487171746,0.035804389456305
Ames,LASSO,2022-08-31,Satellite,TP4,NA,5,NA,NA
Ames,LASSO,2022-09-11,Satellite,TP5,0.153417867843543,5,0.0412044689724446,0.0184271987198334
Ames,LASSO,2022-09-24,Satellite,TP6,NA,5,NA,NA
Ames,LR,2022-07-12,UAV,TP1,0.0883255550743833,5,0.0573944243597209,0.0256675668795611
Ames,LR,2022-07-15,Satellite,TP1,0.0111206804326766,5,0.00702694919986723,0.00314254721706817
Ames,LR,2022-07-23,Satellite,TP2,0.0526709254000889,5,0.0645229088586736,0.0288555220628035
Ames,LR,2022-07-26,UAV,TP2,0.191701363582582,5,0.0590715637809611,0.0264176064302887
Ames,LR,2022-08-10,Satellite,TP3,0.192355525936185,5,0.0700927210051355,0.0313464177790821
Ames,LR,2022-08-10,UAV,TP3,0.176336335804825,5,0.147265143903175,0.0658589744967574
Ames,LR,2022-08-31,Satellite,TP4,0.0748384496633157,5,0.132023543123268,0.0590427234108006
Ames,LR,2022-09-11,Satellite,TP5,0.0707672088870083,5,0.0661116006340336,0.0295660066238035
Ames,LR,2022-09-24,Satellite,TP6,0.0226359217934679,5,0.0170402074467927,0.00762061244034532
Ames,PLSR,2022-07-12,UAV,TP1,0.0817639727328769,5,0.0731655285759919,0.0327206191011243
Ames,PLSR,2022-07-26,UAV,TP2,0.175967899151854,5,0.055534309843755,0.0248356983788344
Ames,PLSR,2022-08-10,UAV,TP3,0.340235160915011,5,0.145953911225109,0.0652725734162627
Ames,PSLR,2022-07-15,Satellite,TP1,0.0864958957993091,5,0.0756159634145164,0.0338164868757991
Ames,PSLR,2022-07-23,Satellite,TP2,0.128762773459714,5,0.0898646960982975,0.0401887138506307
Ames,PSLR,2022-08-10,Satellite,TP3,0.282319685374738,5,0.15865616111614,0.0709531922609698
Ames,PSLR,2022-08-31,Satellite,TP4,0.314216827191037,5,0.1579212726454,0.0706245401456783
Ames,PSLR,2022-09-11,Satellite,TP5,0.250981244194806,5,0.0972659951126343,0.0434986753942025
Ames,PSLR,2022-09-24,Satellite,TP6,0.0518351403620991,5,0.0415992847549604,0.0186037657054924
Ames,RF,2022-07-12,UAV,TP1,0.121125632625334,5,0.0939909913009454,0.042034049164301
Ames,RF,2022-07-15,Satellite,TP1,0.0371963360801307,5,0.0360229108655697,0.0161099354885659
Ames,RF,2022-07-23,Satellite,TP2,0.147049982077548,5,0.0612622285724108,0.0273973015082081
Ames,RF,2022-07-26,UAV,TP2,0.170466283213303,5,0.0555308296850299,0.024834142004538
Ames,RF,2022-08-10,Satellite,TP3,0.317141958362994,5,0.0709226297858982,0.031717564268864
Ames,RF,2022-08-10,UAV,TP3,0.385586631095068,5,0.0787801690881644,0.0352315626720126
Ames,RF,2022-08-31,Satellite,TP4,0.350898890451447,5,0.105458230017875,0.0471623542213554
Ames,RF,2022-09-11,Satellite,TP5,0.197190998961097,5,0.104247749384116,0.0466210108248491
Ames,RF,2022-09-24,Satellite,TP6,0.0581908693683269,5,0.046036218171359,0.020588022651634
Ames,SVM,2022-07-12,UAV,TP1,0.120265068312514,5,0.0911976209429225,0.0407848159629266
Ames,SVM,2022-07-15,Satellite,TP1,0.0240374367212704,5,0.0227175685379727,0.0101596055068835
Ames,SVM,2022-07-23,Satellite,TP2,0.105032981494165,5,0.0697879567408458,0.0312101230566692
Ames,SVM,2022-07-26,UAV,TP2,0.15596600256909,5,0.0464377094340143,0.0207675750027679
Ames,SVM,2022-08-10,Satellite,TP3,0.263485470053029,5,0.0785282613042265,0.0351189060862233
Ames,SVM,2022-08-10,UAV,TP3,0.351704389231954,5,0.0812379063649135,0.0363306961963419
Ames,SVM,2022-08-31,Satellite,TP4,0.294418506538984,5,0.0789060541357502,0.0352878601767632
Ames,SVM,2022-09-11,Satellite,TP5,0.173688706217743,5,0.103700710733028,0.0463763677028186
Ames,SVM,2022-09-24,Satellite,TP6,0.0639736092091674,5,0.0648126962398294,0.0289851189194607
Crawfordville,GB,2022-07-10,Satellite,TP1,0.0543212340205296,5,0.033367871529903,0.0149225658010686
Crawfordville,GB,2022-07-12,UAV,TP1,0.0961958583014192,5,0.0910673242666033,0.0407265455178282
Crawfordville,GB,2022-07-20,Satellite,TP2,0.0500580114240411,5,0.0317810205599052,0.0142129044732533
Crawfordville,GB,2022-07-26,UAV,TP2,0.0352590060237822,5,0.044942858494705,0.0200990573394628
Crawfordville,GB,2022-08-02,Satellite,TP3,0.103473500815358,5,0.103756301376695,0.0464012285944491
Crawfordville,GB,2022-08-11,UAV,TP3,0.114587476137265,5,0.0733966009424739,0.0328239578049594
Crawfordville,GB,2022-09-13,Satellite,TP4,0.096127402711406,5,0.0525307278713558,0.0234924556855789
Crawfordville,GB,2022-10-01,Satellite,TP5,0.0183032684408165,5,0.0287860161907356,0.0128734978007789
Crawfordville,GB,2022-10-09,Satellite,TP6,0.116841547624542,5,0.0260486317893886,0.011649302280387
Crawfordville,LASSO,2022-07-10,Satellite,TP1,0.120621570093277,5,0.0630519901686558,0.0281977072267526
Crawfordville,LASSO,2022-07-12,UAV,TP1,NA,5,NA,NA
Crawfordville,LASSO,2022-07-20,Satellite,TP2,NA,5,NA,NA
Crawfordville,LASSO,2022-07-26,UAV,TP2,0.0927377564206496,5,0.0884356369815166,0.0395496191848331
Crawfordville,LASSO,2022-08-02,Satellite,TP3,NA,5,NA,NA
Crawfordville,LASSO,2022-08-11,UAV,TP3,0.246569301200708,5,0.150838156759668,0.0674568744230774
Crawfordville,LASSO,2022-09-13,Satellite,TP4,0.0725628163161841,5,0.0293310519297832,0.0131172451933143
Crawfordville,LASSO,2022-10-01,Satellite,TP5,NA,5,NA,NA
Crawfordville,LASSO,2022-10-09,Satellite,TP6,NA,5,NA,NA
Crawfordville,LR,2022-07-10,Satellite,TP1,0.0313927983170491,5,0.0304327170002614,0.0136099247905196
Crawfordville,LR,2022-07-12,UAV,TP1,0.128882931036041,5,0.0694723869256351,0.0310689959449775
Crawfordville,LR,2022-07-20,Satellite,TP2,0.0432080719831748,5,0.0376504686298184,0.0168378014481994
Crawfordville,LR,2022-07-26,UAV,TP2,0.080510015677312,5,0.0468871781993772,0.0209685835453907
Crawfordville,LR,2022-08-02,Satellite,TP3,0.0354317013176659,5,0.0364940238633547,0.0163206236261921
Crawfordville,LR,2022-08-11,UAV,TP3,0.276897432227365,5,0.143096684579415,0.0639947828148836
Crawfordville,LR,2022-09-13,Satellite,TP4,0.0244875946771673,5,0.0283160544381932,0.0126633245156769
Crawfordville,LR,2022-10-01,Satellite,TP5,0.0343942277620518,5,0.0612944728583857,0.0274117215912733
Crawfordville,LR,2022-10-09,Satellite,TP6,0.0222681661932442,5,0.0109121362502476,0.00488005568705868
Crawfordville,PLSR,2022-07-12,UAV,TP1,0.109692646911473,5,0.084673195271366,0.0378670040997776
Crawfordville,PLSR,2022-07-26,UAV,TP2,0.069725465450173,5,0.0588691573189764,0.0263270875086721
Crawfordville,PLSR,2022-08-11,UAV,TP3,0.195637386751006,5,0.151725487337698,0.0678537007212753
Crawfordville,PSLR,2022-07-10,Satellite,TP1,0.127248530149313,5,0.0555366605508747,0.0248367496470173
Crawfordville,PSLR,2022-07-20,Satellite,TP2,0.0835631197727672,5,0.0758148128295694,0.0339054150376681
Crawfordville,PSLR,2022-08-02,Satellite,TP3,0.10332309890497,5,0.109340495672529,0.0488985562034591
Crawfordville,PSLR,2022-09-13,Satellite,TP4,0.147119870424354,5,0.129288063102992,0.0578193795555146
Crawfordville,PSLR,2022-10-01,Satellite,TP5,0.0881378595997046,5,0.086699319839261,0.0387731145527167
Crawfordville,PSLR,2022-10-09,Satellite,TP6,0.150295740979259,5,0.0776693136747222,0.0347347730284865
Crawfordville,RF,2022-07-10,Satellite,TP1,0.0854270660245935,5,0.0632006795136634,0.0282642031233459
Crawfordville,RF,2022-07-12,UAV,TP1,0.124418433449354,5,0.126003581975415,0.0563505149410988
Crawfordville,RF,2022-07-20,Satellite,TP2,0.109974568862343,5,0.158225950670433,0.0707607963007232
Crawfordville,RF,2022-07-26,UAV,TP2,0.0349214211582684,5,0.0397067393749593,0.0177573936814553
Crawfordville,RF,2022-08-02,Satellite,TP3,0.142315328258801,5,0.132430378940075,0.059224665919213
Crawfordville,RF,2022-08-11,UAV,TP3,0.147678202773223,5,0.0834900155350819,0.0373378700357913
Crawfordville,RF,2022-09-13,Satellite,TP4,0.136278369887344,5,0.0969485833710609,0.0433567245479996
Crawfordville,RF,2022-10-01,Satellite,TP5,0.0618196023807032,5,0.0684773610765245,0.0306240068573814
Crawfordville,RF,2022-10-09,Satellite,TP6,0.142588382089334,5,0.0639251580754861,0.0285881997858413
Crawfordville,SVM,2022-07-10,Satellite,TP1,0.0987173651781075,5,0.0817280943907827,0.0365499149458619
Crawfordville,SVM,2022-07-12,UAV,TP1,0.10172629266817,5,0.125229773799597,0.0560044574045641
Crawfordville,SVM,2022-07-20,Satellite,TP2,0.106317999796459,5,0.116947458561175,0.0523004934277254
Crawfordville,SVM,2022-07-26,UAV,TP2,0.00439537397522778,5,0.00352862075699888,0.00157804717589325
Crawfordville,SVM,2022-08-02,Satellite,TP3,0.144953478781412,5,0.122554519190279,0.0548080471718532
Crawfordville,SVM,2022-08-11,UAV,TP3,0.0933535584221433,5,0.0481746842201115,0.0215443737421512
Crawfordville,SVM,2022-09-13,Satellite,TP4,0.106028054653483,5,0.07927690485847,0.0354537096618644
Crawfordville,SVM,2022-10-01,Satellite,TP5,0.0573999684632948,5,0.0667630455241808,0.0298573416353963
Crawfordville,SVM,2022-10-09,Satellite,TP6,0.137225965632732,5,0.0426627976671662,0.0190793831388206
Lincoln,GB,2022-07-13,UAV,TP1,0.290382307268232,5,0.0804351913885322,0.0359717111455927
Lincoln,GB,2022-07-18,Satellite,TP1,0.345143847355555,5,0.142387014696049,0.0636774087947254
Lincoln,GB,2022-07-28,UAV,TP2,0.400537048773252,5,0.112477182854269,0.050301325355964
Lincoln,GB,2022-08-04,UAV,TP3,0.354235140707089,5,0.099609670615278,0.044546798942425
Lincoln,GB,2022-08-06,Satellite,TP2,0.347233282054627,5,0.056154227659484,0.025112934054121
Lincoln,GB,2022-09-03,Satellite,TP3,0.254012738605825,5,0.125213342577665,0.0559971091387256
Lincoln,GB,2022-09-11,Satellite,TP4,0.351794578708408,5,0.112676676313842,0.0503905415432984
Lincoln,GB,2022-09-19,Satellite,TP5,0.362680980187802,5,0.0607775684324917,0.0271805549044393
Lincoln,GB,2022-09-27,Satellite,TP6,0.337447468573436,5,0.0861775095365403,0.0385397538910681
Lincoln,LASSO,2022-07-13,UAV,TP1,0.44061680765093,5,0.0428214439356556,0.0191503319069644
Lincoln,LASSO,2022-07-18,Satellite,TP1,NA,5,NA,NA
Lincoln,LASSO,2022-07-28,UAV,TP2,0.451003604047259,5,0.0760118355946454,0.033993526296833
Lincoln,LASSO,2022-08-04,UAV,TP3,0.368601333929182,5,0.0954760164242889,0.0426981725891193
Lincoln,LASSO,2022-08-06,Satellite,TP2,0.356233571923497,5,0.104594282789005,0.0467759852748102
Lincoln,LASSO,2022-09-03,Satellite,TP3,NA,5,NA,NA
Lincoln,LASSO,2022-09-11,Satellite,TP4,NA,5,NA,NA
Lincoln,LASSO,2022-09-19,Satellite,TP5,NA,5,NA,NA
Lincoln,LASSO,2022-09-27,Satellite,TP6,NA,5,NA,NA
Lincoln,LR,2022-07-13,UAV,TP1,0.41774031209592,5,0.082290006924869,0.0368012098705871
Lincoln,LR,2022-07-18,Satellite,TP1,0.220282485369436,5,0.116130709371131,0.0519352320858243
Lincoln,LR,2022-07-28,UAV,TP2,0.432430051233353,5,0.0650577657489684,0.0290947173357902
Lincoln,LR,2022-08-04,UAV,TP3,0.356108128724785,5,0.0786458186282351,0.0351714793197706
Lincoln,LR,2022-08-06,Satellite,TP2,0.0931885699208486,5,0.101615885121588,0.045444005345136
Lincoln,LR,2022-09-03,Satellite,TP3,0.0726627046934085,5,0.0804974246294117,0.0359995426970061
Lincoln,LR,2022-09-11,Satellite,TP4,0.201121724067455,5,0.114494957651237,0.0512037016778251
Lincoln,LR,2022-09-19,Satellite,TP5,0.136505314999135,5,0.143444473714505,0.0641503188444631
Lincoln,LR,2022-09-27,Satellite,TP6,0.189641328174488,5,0.171453794659512,0.076676467971792
Lincoln,PLSR,2022-07-13,UAV,TP1,0.414656375737498,5,0.048602283748526,0.0217356020646875
Lincoln,PLSR,2022-07-28,UAV,TP2,0.441679630165205,5,0.089135791218405,0.0398627376785165
Lincoln,PLSR,2022-08-04,UAV,TP3,0.382356195302633,5,0.076062809008404,0.0340163223004749
Lincoln,PSLR,2022-07-18,Satellite,TP1,0.33242126310297,5,0.107202089665839,0.0479422319645687
Lincoln,PSLR,2022-08-06,Satellite,TP2,0.339297017272253,5,0.0729045192721309,0.0326038921918857
Lincoln,PSLR,2022-09-03,Satellite,TP3,0.203925122973545,5,0.147579019511027,0.0659993439358851
Lincoln,PSLR,2022-09-11,Satellite,TP4,0.426947436897158,5,0.114126855485704,0.0510390813848658
Lincoln,PSLR,2022-09-19,Satellite,TP5,0.390721560815548,5,0.0560801042046923,0.0250797850373927
Lincoln,PSLR,2022-09-27,Satellite,TP6,0.353972092933127,5,0.079183894665523,0.0354121142390585
Lincoln,RF,2022-07-13,UAV,TP1,0.345906309398873,5,0.0544296230288502,0.0243416674164394
Lincoln,RF,2022-07-18,Satellite,TP1,0.357921306783694,5,0.14093744678715,0.0630291423182652
Lincoln,RF,2022-07-28,UAV,TP2,0.441802257754427,5,0.104648169927454,0.0468000843357473
Lincoln,RF,2022-08-04,UAV,TP3,0.380386314818442,5,0.117700743731286,0.0526373727970877
Lincoln,RF,2022-08-06,Satellite,TP2,0.380992473619598,5,0.0582970100878478,0.0260712154882837
Lincoln,RF,2022-09-03,Satellite,TP3,0.28478086397744,5,0.142468516980065,0.0637138577242019
Lincoln,RF,2022-09-11,Satellite,TP4,0.403023880624037,5,0.133113530749226,0.0595301806960554
Lincoln,RF,2022-09-19,Satellite,TP5,0.390034155817629,5,0.0759225679659686,0.0339536045996507
Lincoln,RF,2022-09-27,Satellite,TP6,0.392689248905076,5,0.0533797072423243,0.023872130802575
Lincoln,SVM,2022-07-13,UAV,TP1,0.344772447892213,5,0.043919894892545,0.0196415741088753
Lincoln,SVM,2022-07-18,Satellite,TP1,0.298597702506727,5,0.113946206633408,0.0509582927621076
Lincoln,SVM,2022-07-28,UAV,TP2,0.402836292219884,5,0.0908424983670081,0.0406260003189088
Lincoln,SVM,2022-08-04,UAV,TP3,0.344819535016219,5,0.120879723859055,0.0540590559300498
Lincoln,SVM,2022-08-06,Satellite,TP2,0.323493992704058,5,0.0649311582997389,0.0290380967632032
Lincoln,SVM,2022-09-03,Satellite,TP3,0.283087906753381,5,0.139959417504723,0.062591754326367
Lincoln,SVM,2022-09-11,Satellite,TP4,0.354034849521048,5,0.143838617921961,0.0643265854926247
Lincoln,SVM,2022-09-19,Satellite,TP5,0.36170457643247,5,0.0678459646544198,0.0303416377932661
Lincoln,SVM,2022-09-27,Satellite,TP6,0.371156977508442,5,0.0635160937327097,0.0284052606503174
Missouri Valley,GB,2022-07-13,Satellite,TP1,0.106356622006719,5,0.0641232551569836,0.0286767914939159
Missouri Valley,GB,2022-07-13,UAV,TP1,0.102565033827097,5,0.0628460464326941,0.0281056063881225
Missouri Valley,GB,2022-07-21,Satellite,TP2,0.134264231241739,5,0.147347624375177,0.0658958608852002
Missouri Valley,GB,2022-07-27,UAV,TP2,0.157154570520455,5,0.11455628836525,0.0512311296069533
Missouri Valley,GB,2022-08-08,Satellite,TP3,0.418616545215961,5,0.175749759260603,0.0785976817471864
Missouri Valley,GB,2022-08-10,UAV,TP3,0.350289441404021,5,0.150235596902495,0.067187401462847
Missouri Valley,GB,2022-09-03,Satellite,TP4,0.213013964670858,5,0.189069403043925,0.0845544075343045
Missouri Valley,GB,2022-09-11,Satellite,TP5,0.130727745660376,5,0.105071752629843,0.0469895162790741
Missouri Valley,GB,2022-09-19,Satellite,TP6,0.0635142495546052,5,0.084304418911309,0.0377020822978612
Missouri Valley,LASSO,2022-07-13,Satellite,TP1,NA,5,NA,NA
Missouri Valley,LASSO,2022-07-13,UAV,TP1,0.188101284994863,5,0.0946721193551506,0.0423386588904181
Missouri Valley,LASSO,2022-07-21,Satellite,TP2,NA,5,NA,NA
Missouri Valley,LASSO,2022-07-27,UAV,TP2,0.286159141043226,5,0.120994311891233,0.0541103012559216
Missouri Valley,LASSO,2022-08-08,Satellite,TP3,NA,5,NA,NA
Missouri Valley,LASSO,2022-08-10,UAV,TP3,0.413463683345945,5,0.108868662571896,0.0486875460260493
Missouri Valley,LASSO,2022-09-03,Satellite,TP4,NA,5,NA,NA
Missouri Valley,LASSO,2022-09-11,Satellite,TP5,NA,5,NA,NA
Missouri Valley,LASSO,2022-09-19,Satellite,TP6,NA,5,NA,NA
Missouri Valley,LR,2022-07-13,Satellite,TP1,0.0515241405366592,5,0.030364093109346,0.0135792352535261
Missouri Valley,LR,2022-07-13,UAV,TP1,0.239061698535733,5,0.0950156586275644,0.0424922943236297
Missouri Valley,LR,2022-07-21,Satellite,TP2,0.0398070565564471,5,0.0419515304702143,0.0187612947783106
Missouri Valley,LR,2022-07-27,UAV,TP2,0.322115397095204,5,0.13015059814827,0.0582051169543578
Missouri Valley,LR,2022-08-08,Satellite,TP3,0.199053278483296,5,0.153276174628066,0.0685471891598968
Missouri Valley,LR,2022-08-10,UAV,TP3,0.238837375407452,5,0.180893659522657,0.0808981038782728
Missouri Valley,LR,2022-09-03,Satellite,TP4,0.060171060358269,5,0.0442239425810662,0.0197775483688623
Missouri Valley,LR,2022-09-11,Satellite,TP5,0.0431766764407702,5,0.0418600493484765,0.0187203831769379
Missouri Valley,LR,2022-09-19,Satellite,TP6,0.111361866758314,5,0.0748458153587552,0.0334720661947149
Missouri Valley,PLSR,2022-07-13,UAV,TP1,0.179556552752342,5,0.105943248677208,0.0473792611598801
Missouri Valley,PLSR,2022-07-27,UAV,TP2,0.1910634375356,5,0.104432591561434,0.0467036747595675
Missouri Valley,PLSR,2022-08-10,UAV,TP3,0.324244169600335,5,0.109967802839156,0.0491790964969294
Missouri Valley,PSLR,2022-07-13,Satellite,TP1,0.109435490908628,5,0.0954230117084131,0.042674468159554
Missouri Valley,PSLR,2022-07-21,Satellite,TP2,0.160740356627964,5,0.145700758245111,0.065159359961866
Missouri Valley,PSLR,2022-08-08,Satellite,TP3,0.371966366819131,5,0.112460730630847,0.0502939676979734
Missouri Valley,PSLR,2022-09-03,Satellite,TP4,0.203034807090713,5,0.134874397007523,0.0603176640266231
Missouri Valley,PSLR,2022-09-11,Satellite,TP5,0.174025808777941,5,0.117511214526593,0.0525526127600044
Missouri Valley,PSLR,2022-09-19,Satellite,TP6,0.0802079131037319,5,0.0486854359228315,0.0217727888475323
Missouri Valley,RF,2022-07-13,Satellite,TP1,0.13237546942483,5,0.0672547896030797,0.0300772562729865
Missouri Valley,RF,2022-07-13,UAV,TP1,0.0947327139006981,5,0.0584901547703155,0.0261575924161818
Missouri Valley,RF,2022-07-21,Satellite,TP2,0.160496752375541,5,0.154389357069149,0.0690450194818211
Missouri Valley,RF,2022-07-27,UAV,TP2,0.180296639397006,5,0.0888141521828019,0.0397188963289513
Missouri Valley,RF,2022-08-08,Satellite,TP3,0.450564310255439,5,0.147535012797376,0.0659796635352466
Missouri Valley,RF,2022-08-10,UAV,TP3,0.415757103709701,5,0.148747807241081,0.0665220416990187
Missouri Valley,RF,2022-09-03,Satellite,TP4,0.22141361138267,5,0.217314795045736,0.09718613084774
Missouri Valley,RF,2022-09-11,Satellite,TP5,0.177745851270139,5,0.186651024202074,0.0834728756371592
Missouri Valley,RF,2022-09-19,Satellite,TP6,0.0583402389849342,5,0.0732222248358529,0.0327459744393481
Missouri Valley,SVM,2022-07-13,Satellite,TP1,0.0683289467197216,5,0.0487597499316112,0.0218060230825947
Missouri Valley,SVM,2022-07-13,UAV,TP1,0.130075415276263,5,0.0873551369580973,0.0390664048844219
Missouri Valley,SVM,2022-07-21,Satellite,TP2,0.147566252983506,5,0.161461608895513,0.0722078266493702
Missouri Valley,SVM,2022-07-27,UAV,TP2,0.202953120478565,5,0.106158242664974,0.0474754093941601
Missouri Valley,SVM,2022-08-08,Satellite,TP3,0.401589823313916,5,0.204761553715164,0.0915721506571164
Missouri Valley,SVM,2022-08-10,UAV,TP3,0.372517063259105,5,0.163963357787168,0.0733266427662454
Missouri Valley,SVM,2022-09-03,Satellite,TP4,0.216632928493332,5,0.185883601770668,0.0831296738923428
Missouri Valley,SVM,2022-09-11,Satellite,TP5,0.142469193099109,5,0.139976441017679,0.0625993674728039
Missouri Valley,SVM,2022-09-19,Satellite,TP6,0.0551138677210834,5,0.032147544830691,0.0143768191102294
Scottsbluff,GB,2022-07-04,Satellite,TP1,0.0457592534217137,5,0.03657717336654,0.0163578092144757
Scottsbluff,GB,2022-07-08,UAV,TP1,0.19490021657668,5,0.116578719504686,0.0521355883084717
Scottsbluff,GB,2022-07-17,Satellite,TP2,0.0863724678962675,5,0.0970567460624267,0.0434050963741042
Scottsbluff,GB,2022-07-22,UAV,TP2,0.0392982508983145,5,0.0475295846519223,0.0212558764448058
Scottsbluff,GB,2022-08-07,Satellite,TP3,0.115051877813083,5,0.0526263447225522,0.0235352168413928
Scottsbluff,GB,2022-08-12,UAV,TP3,0.191520606272615,5,0.0778395407017014,0.0348109008692732
Scottsbluff,GB,2022-08-18,Satellite,TP4,0.147877274475371,5,0.157979157485038,0.0706504270329378
Scottsbluff,GB,2022-09-09,Satellite,TP5,0.142568773154641,5,0.110861725722432,0.0495788709636588
Scottsbluff,GB,2022-09-24,Satellite,TP6,0.143292213219266,5,0.0810657328907661,0.0362536978779187
Scottsbluff,LASSO,2022-07-04,Satellite,TP1,NA,5,NA,NA
Scottsbluff,LASSO,2022-07-08,UAV,TP1,0.237164363114373,5,0.0911646394179088,0.0407700661765402
Scottsbluff,LASSO,2022-07-17,Satellite,TP2,NA,5,NA,NA
Scottsbluff,LASSO,2022-07-22,UAV,TP2,0.174700844473383,5,0.117966323959419,0.0527561438858046
Scottsbluff,LASSO,2022-08-07,Satellite,TP3,NA,5,NA,NA
Scottsbluff,LASSO,2022-08-12,UAV,TP3,0.271961470306111,5,0.127869758020107,0.0571850942398817
Scottsbluff,LASSO,2022-08-18,Satellite,TP4,NA,5,NA,NA
Scottsbluff,LASSO,2022-09-09,Satellite,TP5,NA,5,NA,NA
Scottsbluff,LASSO,2022-09-24,Satellite,TP6,NA,5,NA,NA
Scottsbluff,LR,2022-07-04,Satellite,TP1,0.0144512854850975,5,0.0130294264530233,0.00582693665135883
Scottsbluff,LR,2022-07-08,UAV,TP1,0.0877703646173914,5,0.0600757441720242,0.0268666895535066
Scottsbluff,LR,2022-07-17,Satellite,TP2,0.0920761648872763,5,0.0863512444209005,0.0386174504933666
Scottsbluff,LR,2022-07-22,UAV,TP2,0.088763183083806,5,0.0513781149404989,0.0229769915125506
Scottsbluff,LR,2022-08-07,Satellite,TP3,0.0228249066948037,5,0.0217039028168697,0.00970628041511396
Scottsbluff,LR,2022-08-12,UAV,TP3,0.115990651636312,5,0.119879653563999,0.0536118108976454
Scottsbluff,LR,2022-08-18,Satellite,TP4,0.0955666339907851,5,0.0687873375553032,0.0307626325529764
Scottsbluff,LR,2022-09-09,Satellite,TP5,0.0996855212053964,5,0.0583329862237102,0.0260873045053549
Scottsbluff,LR,2022-09-24,Satellite,TP6,0.111656131839145,5,0.0748502503858664,0.0334740495991354
Scottsbluff,PLSR,2022-07-08,UAV,TP1,0.212987361725954,5,0.164462672037629,0.0735499428874784
Scottsbluff,PLSR,2022-07-22,UAV,TP2,0.160175950333288,5,0.113862657784356,0.0509209285809229
Scottsbluff,PLSR,2022-08-12,UAV,TP3,0.216175087005078,5,0.149936236831259,0.0670535235690406
Scottsbluff,PSLR,2022-07-04,Satellite,TP1,0.020005613901156,5,0.0195922296351797,0.00876191145900954
Scottsbluff,PSLR,2022-07-17,Satellite,TP2,0.152469020078841,5,0.115924287206719,0.0518429172874865
Scottsbluff,PSLR,2022-08-07,Satellite,TP3,0.131506297246942,5,0.100061934633966,0.0447490575603377
Scottsbluff,PSLR,2022-08-18,Satellite,TP4,0.183011042771128,5,0.08912682915564,0.0398587297222042
Scottsbluff,PSLR,2022-09-09,Satellite,TP5,0.223106878754117,5,0.0994116195543602,0.0444582278153794
Scottsbluff,PSLR,2022-09-24,Satellite,TP6,0.203000566052901,5,0.0521840290580014,0.0233374072627031
Scottsbluff,RF,2022-07-04,Satellite,TP1,0.0377679364278631,5,0.0572743433205764,0.025613865006294
Scottsbluff,RF,2022-07-08,UAV,TP1,0.231378218503829,5,0.0822827545620963,0.0367979665153556
Scottsbluff,RF,2022-07-17,Satellite,TP2,0.109883571456042,5,0.112543537742413,0.0503310001640695
Scottsbluff,RF,2022-07-22,UAV,TP2,0.0469462982519505,5,0.0474585831447177,0.0212241236054829
Scottsbluff,RF,2022-08-07,Satellite,TP3,0.162389262596624,5,0.0443121746052205,0.0198170069296226
Scottsbluff,RF,2022-08-12,UAV,TP3,0.150570533122738,5,0.0847028341575147,0.0378802590126188
Scottsbluff,RF,2022-08-18,Satellite,TP4,0.176356187744845,5,0.141288881143268,0.063186308540247
Scottsbluff,RF,2022-09-09,Satellite,TP5,0.185108017534881,5,0.120401937356663,0.0538453833104341
Scottsbluff,RF,2022-09-24,Satellite,TP6,0.195907772681786,5,0.0851488911369294,0.0380797417581807
Scottsbluff,SVM,2022-07-04,Satellite,TP1,0.0268095199258796,5,0.0339067034443985,0.0151635387589202
Scottsbluff,SVM,2022-07-08,UAV,TP1,0.220824731853804,5,0.107930022403321,0.04826777338138
Scottsbluff,SVM,2022-07-17,Satellite,TP2,0.106840683956409,5,0.108796987277201,0.0486554918598001
Scottsbluff,SVM,2022-07-22,UAV,TP2,0.0661212904721522,5,0.0821889052691272,0.0367559958356118
Scottsbluff,SVM,2022-08-07,Satellite,TP3,0.155633631710807,5,0.0842101178631438,0.0376599095870518
Scottsbluff,SVM,2022-08-12,UAV,TP3,0.143837503899432,5,0.102033598478195,0.0456308124372328
Scottsbluff,SVM,2022-08-18,Satellite,TP4,0.18908325405497,5,0.105831555474961,0.0473293104413104
Scottsbluff,SVM,2022-09-09,Satellite,TP5,0.205565988437727,5,0.0852870796515516,0.0381415415406617
Scottsbluff,SVM,2022-09-24,Satellite,TP6,0.186238917998797,5,0.0476839257878112,0.0213248998991202
